Rk,Name,Age,Tm,IP,G,GS,R,RA9,RA9opp,RA9def,RA9role,PPFp,RA9avg,RAA,WAA,gmLI,WAAadj,WAR,RAR,waaWL%,162WL%,Salary,Acquired,
1,David Aardsma,aardsda01,31,NYM,39.2,43,0,20,4.54,4.14,-0.14,-0.31,92.4,3.67,-4,-0.4,0.83,-0.1,-0.1,-1,0.49,0.497,,Free Agency
2,Fernando Abad*,abadfe01,27,WSN,37.2,39,0,14,3.35,4.03,0.01,-0.3,102.5,3.81,2,0.2,0.6,-0.1,0.4,5,0.505,0.501,,Free Agency
3,Alfredo Aceves,aceveal01,30,BOS,37,11,6,21,5.11,4.54,0.27,0.08,100.9,4.39,-4,-0.4,0.48,0,0,1,0.466,0.498,"$2,650,000 ",Free Agency
4,Mike Adams,adamsmi03,34,PHI,25,28,0,11,3.96,3.97,-0.54,-0.3,101.5,4.28,1,0.1,1.44,0,0.3,3,0.503,0.501,"$5,000,000 ",Free Agency
5,Jeremy Affeldt*,affelje01,34,SFG,33.2,39,0,14,3.74,4.11,0.02,-0.31,93.3,3.53,-1,-0.1,1.53,-0.1,0.1,2,0.498,0.499,"$6,000,000 ",Free Agency
6,Andrew Albers*,alberan01,27,MIN,60,10,10,34,5.1,4.41,-0.26,0.16,103.6,4.99,-2,-0.2,,0,0.4,5,0.481,0.499,,Free Agency
7,Matt Albers,alberma01,30,CLE,63,56,0,25,3.57,4.21,-0.14,-0.31,95.9,3.87,1,0.1,0.63,-0.1,0.6,8,0.502,0.501,"$1,750,000 ",Traded
8,Al Alburquerque,albural01,27,DET,49,53,0,25,4.59,4.22,-0.26,-0.31,104.1,4.34,-2,-0.2,1.05,-0.1,0.2,3,0.495,0.498,"$500,000 ",Free Agency
9,Cody Allen,allenco01,24,CLE,70.1,77,0,22,2.82,4.23,-0.11,-0.31,96.3,3.89,7,0.8,1.12,-0.1,1.4,15,0.51,0.505,"$492,600 ",Amateur Draft
10,Henderson Alvarez III,alvarhe01,23,MIA,102.2,17,17,42,3.68,4.09,-0.04,0.16,103,4.42,8,1,,-0.1,1.8,17,0.557,0.506,"$507,900 ",Traded
11,Jose Alvarez*,alvarjo02,24,DET,38.2,14,6,26,6.05,4.39,-0.36,0.03,107.3,5.12,-5,-0.5,1.61,-0.1,-0.2,0,0.465,0.497,,Free Agency
12,Hector Ambriz,ambrihe01,29,HOU,36.1,43,0,28,6.94,4.58,-0.41,-0.34,100.6,4.68,-10,-1,1.37,-0.3,-0.9,-6,0.476,0.494,"$493,400 ",Free Agency
13,Steve Ames,amesst01,25,MIA,4,4,0,2,4.5,4.3,-0.04,-0.32,96.5,3.88,0,0,0.68,0,0,0,0.492,0.5,,Traded
14,Brett Anderson*,anderbr04,25,OAK,44.2,16,5,32,6.45,4.44,-0.29,-0.06,97,4.53,-10,-1.1,0.92,0,-0.7,-5,0.434,0.494,"$5,750,000 ",Traded
15,Chris Archer,archech01,24,TBR,128.2,23,23,49,3.43,4.35,0.17,0.17,95.2,4.13,8,0.9,,-0.1,2,22,0.537,0.505,,Traded
16,Jake Arrieta,arrieja01,27,2TM,75.1,14,14,41,4.9,4.2,0.05,0.16,103.3,4.45,-4,-0.4,,-0.1,0.3,3,0.475,0.5,"$516,500 ",Amateur Draft
17,Bronson Arroyo,arroybr01,36,CIN,202,32,32,88,3.92,4.11,0.14,0.16,100.8,4.16,5,0.6,,-0.2,2.2,21,0.518,0.504,"$16,445,535 ",Traded
18,Jairo Asencio,valdelu01,30,BAL,2.1,4,0,2,7.71,5.2,0.12,-0.39,104.2,4.89,-1,-0.1,0.71,0,-0.1,-1,0.48,0.499,,Conditional Deal
19,Scott Atchison,atchisc01,37,NYM,45.1,50,0,27,5.36,3.95,-0.16,-0.29,97.4,3.71,-8,-0.9,1.11,-0.2,-0.7,-5,0.481,0.494,"$700,000 ",Free Agency
20,Phillippe Aumont,aumonph01,24,PHI,19.1,22,0,11,5.12,4.25,-0.58,-0.32,96.3,4.35,-2,-0.2,0.72,0,0,0,0.491,0.499,"$490,000 ",Traded
21,Luis Avilan*,avilalu01,23,ATL,65,75,0,12,1.66,4.05,0.14,-0.3,100.2,3.61,14,1.6,1.24,0,2.2,19,0.521,0.51,"$491,250 ",Amateur Free Agent
22,Dylan Axelrod,axelrdy01,27,CHW,128.1,30,20,89,6.24,4.47,-0.42,0.09,104.6,5.21,-17,-1.7,1.04,-0.1,-0.6,-3,0.442,0.489,"$493,000 ",Free Agency
23,John Axford,axforjo01,30,2TM,65,75,0,32,4.43,4.1,0.19,-0.3,104.7,3.77,-5,-0.5,1.23,-0.2,-0.2,0,0.493,0.496,"$5,000,000 ",Free Agency
24,Luis Ayala,ayalalu01,35,2TM,33,39,0,12,3.27,3.87,0.16,-0.29,101.1,3.46,1,0.1,1.09,-0.1,0.3,3,0.502,0.501,"$1,000,000 ",Traded
25,Burke Badenhop,badenbu01,30,MIL,62.1,63,0,32,4.62,4.11,0.28,-0.31,104.2,3.67,-7,-0.7,1.04,-0.2,-0.4,-2,0.488,0.495,"$1,550,000 ",Traded
26,Andrew Bailey,bailean01,29,BOS,28.2,30,0,12,3.77,4.52,0.18,-0.34,101.6,4.07,0,0,1.59,0,0.3,4,0.502,0.5,"$4,100,000 ",Traded
27,Homer Bailey,baileho02,27,CIN,209,32,32,85,3.66,4.05,0.12,0.15,100.6,4.11,10,1.2,,-0.2,2.8,27,0.536,0.507,"$5,350,000 ",Amateur Draft
28,Scott Baker,bakersc02,31,CHC,15,3,3,6,3.6,4.04,0.01,0.15,100.1,4.18,1,0.1,,0,0.2,2,0.536,0.501,"$5,500,000 ",Free Agency
29,Grant Balfour,balfogr01,35,OAK,62.2,65,0,20,2.87,4.32,-0.25,-0.32,96,4.08,7,0.8,1.66,0.1,1.6,14,0.512,0.505,"$4,500,000 ",Free Agency
30,Daniel Bard,bardda01,28,BOS,1,2,0,1,9,5.11,0.24,-0.38,106,4.76,0,-0.1,0.22,0,0,0,0.474,0.5,,Amateur Draft
31,Scott Barnes*,barnesc01,25,CLE,8.2,6,0,7,7.27,4.51,-0.11,-0.33,97.7,4.19,-3,-0.3,0.24,0.1,-0.1,-2,0.447,0.498,,Traded
32,Anthony Bass,bassan01,25,SDP,42,24,0,26,5.57,4,-0.1,-0.3,94.6,3.59,-9,-1,0.41,0.2,-0.4,-6,0.458,0.494,"$503,600 ",Amateur Draft
33,Antonio Bastardo*,bastaan01,27,PHI,42.2,48,0,12,2.53,4.05,-0.48,-0.3,100.3,4.25,8,0.9,1.19,0,1.3,12,0.519,0.506,"$1,400,000 ",Amateur Free Agent
34,Trevor Bauer,bauertr01,22,CLE,17,4,4,11,5.82,4.22,-0.13,0.16,93,4.2,-3,-0.3,,0,-0.2,-1,0.416,0.498,"$1,183,333 ",Traded
35,Brandon Beachy,beachbr01,26,ATL,30,5,5,17,5.1,3.66,0.15,0.14,98,3.58,-5,-0.5,,0,-0.3,-3,0.395,0.497,"$510,000 ",Amateur Free Agent
36,Pedro Beato,beatope01,26,BOS,10,10,0,5,4.5,4.25,0.3,-0.32,105.7,3.84,-1,-0.1,0.62,0,0,0,0.49,0.499,,Traded
37,Blake Beavan,beavabl01,24,SEA,39.2,12,2,27,6.13,4.1,-0.7,-0.13,91,4.25,-9,-0.9,0.75,0,-0.5,-5,0.425,0.494,"$506,700 ",Traded
38,Josh Beckett,beckejo02,33,LAD,43.1,8,8,30,6.23,4.12,0.11,0.16,93.8,3.92,-11,-1.1,,0,-0.8,-8,0.362,0.493,"$15,750,000 ",Traded
39,Erik Bedard*,bedarer01,34,HOU,151,32,26,83,4.95,4.39,-0.34,0.11,101.5,4.92,-3,-0.3,1.33,-0.1,1,14,0.489,0.498,"$1,150,000 ",Free Agency
40,Mike Belfiore*,belfimi01,24,BAL,1.1,1,0,2,13.5,5.12,0.21,-0.38,104,4.71,-1,-0.1,0.1,0.1,-0.1,-1,0.373,0.499,,Traded
41,Ronald Belisario,belisro01,30,LAD,68,77,0,34,4.5,4.14,0.11,-0.31,96.5,3.6,-7,-0.8,1.46,-0.3,-0.5,-1,0.49,0.495,"$1,450,000 ",Free Agency
42,Matt Belisle,belisma01,33,COL,73,72,0,37,4.56,4.1,-0.18,-0.3,118.1,4.7,1,0.1,1.39,-0.2,0.6,7,0.502,0.501,"$4,100,000 ",Free Agency
43,Jeff Beliveau*,belivje01,26,TBR,0.2,1,0,0,0,4.36,0.26,-0.32,106,4.01,0,0,0.21,0,0,0,0.531,0.5,,Purchased
44,Heath Bell,bellhe01,35,ARI,65.2,69,0,30,4.11,4.11,0.33,-0.31,101.4,3.53,-4,-0.5,1.44,-0.3,-0.2,1,0.493,0.497,"$9,000,000 ",Traded
45,Duane Below*,belowdu01,27,MIA,2.2,2,0,3,10.13,4.25,-0.05,-0.32,99.5,3.97,-2,-0.2,1.08,0,-0.2,-2,0.406,0.499,,Waivers
46,Joaquin Benoit,benoijo01,35,DET,67,66,0,15,2.01,4.17,-0.28,-0.31,104,4.31,16,1.7,1.54,0.3,2.8,23,0.526,0.511,"$5,500,000 ",Free Agency
47,Dellin Betances,betande01,25,NYY,5,6,0,6,10.8,4.31,0.08,-0.32,101.2,3.96,-4,-0.4,0.39,0.1,-0.2,-3,0.434,0.498,,Amateur Draft
48,Rafael Betancourt,betanra01,38,COL,28.2,32,0,15,4.71,4.14,-0.18,-0.31,115.8,4.64,0,0,1.59,-0.1,0.2,2,0.499,0.5,"$4,250,000 ",Traded
49,Chad Bettis,bettich01,24,COL,44.2,16,8,34,6.85,4.18,-0.21,0.09,115.8,5.18,-8,-0.9,1.33,-0.1,-0.6,-5,0.444,0.494,,Amateur Draft
50,Chad Billingsley,billich01,28,LAD,12,2,2,4,3,4.23,0.11,0.16,86.1,3.68,1,0.1,,0,0.2,2,0.552,0.501,"$11,000,000 ",Amateur Draft
51,Vic Black,blackvi01,25,2TM,17,18,0,7,3.71,4.16,-0.03,-0.31,92.9,3.6,0,0,1.12,0,0.1,1,0.499,0.5,,Traded
52,Travis Blackley*,blacktr01,30,2TM,50.1,46,3,27,4.83,4.41,-0.17,-0.2,101.1,4.44,-3,-0.3,1.24,-0.1,0.1,3,0.493,0.499,"$550,000 ",Traded
53,Joe Blanton,blantjo01,32,LAA,132.2,28,20,96,6.51,4.19,-0.52,0.1,92.8,4.46,-33,-3.2,0.5,0,-1.9,-18,0.387,0.48,"$6,500,000 ",Free Agency
54,Michael Blazek,blazemi01,24,2TM,17.1,18,0,12,6.23,4.1,-0.01,-0.3,99.8,3.78,-5,-0.5,0.6,0.1,-0.3,-3,0.471,0.498,,Traded
55,Jerry Blevins*,blevije01,29,OAK,60,67,0,23,3.45,4.47,-0.27,-0.33,96.7,4.27,4,0.5,0.94,-0.1,0.9,11,0.507,0.503,"$1,100,000 ",Traded
56,Mitchell Boggs,boggsmi01,29,2TM,23.1,27,0,23,8.87,4.26,-0.24,-0.32,103.7,4.32,-12,-1.2,0.81,-0.1,-1.2,-10,0.454,0.495,"$1,475,000 ",Purchased
57,Jeremy Bonderman,bondeje01,30,2TM,55,18,7,36,5.89,4.27,-0.59,0.01,94.5,4.59,-9,-0.9,0.71,0,-0.4,-3,0.449,0.497,,Free Agency
58,Chris Bootcheck,bootcch01,34,NYY,1,1,0,1,9,4.79,0.11,-0.35,88,3.81,-1,-0.1,0.21,0,0,0,0.439,0.5,,Free Agency
59,Buddy Boshers*,boshebu01,25,LAA,15.1,25,0,8,4.7,4.7,-0.4,-0.35,93.7,4.45,-1,-0.1,1.14,0,0,1,0.497,0.5,,Amateur Draft
60,Michael Bowden,bowdemi01,26,CHC,37.2,34,0,18,4.3,4.14,0.01,-0.31,105.1,4.02,-1,-0.1,0.79,-0.1,0.1,2,0.496,0.499,"$509,500 ",Traded
61,Brad Boxberger,boxbebr01,25,SDP,22,18,0,9,3.68,4.01,-0.07,-0.3,92.7,3.51,0,-0.1,0.79,0,0.1,1,0.497,0.5,,Traded
62,Brad Brach,brachbr01,27,SDP,31,33,0,15,4.35,4.17,-0.08,-0.31,88.4,3.49,-3,-0.3,0.63,0,-0.1,-1,0.49,0.498,"$498,200 ",Amateur Draft
63,Ryan Brasier,brasiry01,25,LAA,9,7,0,2,2,4.32,-0.39,-0.32,95.3,4.19,2,0.2,0.11,-0.1,0.2,3,0.532,0.501,,Amateur Draft
64,Craig Breslow*,breslcr01,32,BOS,59.2,61,0,16,2.41,4.4,0.25,-0.33,102.4,3.92,9,1,1.2,0,1.5,16,0.516,0.506,"$2,325,000 ",Traded
65,Charles Brewer,brewech01,25,ARI,6,4,0,2,3,4.09,0.37,-0.3,94.7,3.24,0,0,0.2,0,0.1,1,0.504,0.5,,Amateur Draft
66,Drake Britton*,brittdr01,24,BOS,21,18,0,9,3.86,4.26,0.23,-0.32,104.8,3.89,0,0,1.12,0,0.1,2,0.498,0.5,,Amateur Draft
67,Zack Britton*,brittza01,25,BAL,40,8,7,23,5.18,4.46,0.18,0.12,101,4.45,-4,-0.4,0.29,0,0,1,0.449,0.497,,Amateur Draft
68,Rex Brothers*,brothre01,25,COL,67.1,72,0,16,2.14,4.09,-0.15,-0.3,118.4,4.66,19,2.2,1.48,0.4,3.1,24,0.53,0.513,"$491,000 ",Amateur Draft
69,Jonathan Broxton,broxtjo01,29,CIN,30.2,34,0,17,4.99,4.01,0.13,-0.3,100.3,3.59,-5,-0.5,1.41,-0.2,-0.4,-2,0.484,0.497,"$4,000,000 ",Traded
70,Clay Buchholz,buchhcl01,28,BOS,108.1,16,16,23,1.91,4.19,0.21,0.16,104.8,4.34,27,3.3,,-0.1,4.3,39,0.706,0.52,"$5,500,000 ",Amateur Draft
71,Billy Buckner,bucknbi02,29,LAA,17.1,7,2,9,4.67,4.4,-0.49,-0.1,98.9,4.74,0,0,0.06,0,0.1,2,0.497,0.5,,Free Agency
72,Mark Buehrle*,buehrma01,34,TOR,203.2,33,33,100,4.42,4.45,-0.01,0.17,102.7,4.75,4,0.4,,-0.1,2.3,27,0.513,0.503,"$11,000,000 ",Traded
73,Francisley Bueno*,buenofr01,32,KCR,8.1,7,0,0,0,4.69,0.39,-0.35,102.8,4.07,4,0.4,1.22,0,0.5,5,0.558,0.502,,Free Agency
74,Madison Bumgarner*,bumgama01,23,SFG,201.1,31,31,68,3.04,4.06,0.02,0.16,94.5,3.97,20,2.4,,-0.2,4,37,0.578,0.515,"$750,000 ",Amateur Draft
75,Hiram Burgos,burgohi01,25,MIL,29.1,6,6,23,7.06,4,0.32,0.15,99.6,3.81,-11,-1,,0,-0.8,-8,0.332,0.494,,Amateur Draft
76,Greg Burke,burkegr01,30,NYM,31.2,32,0,27,7.67,3.92,-0.16,-0.29,97.8,3.71,-14,-1.5,1.02,-0.1,-1.3,-11,0.453,0.491,"$550,000 ",Free Agency
77,A.J. Burnett,burnea.01,36,PIT,191,30,30,79,3.72,4.17,0.23,0.16,96,3.94,4,0.5,,-0.1,2,20,0.516,0.503,"$16,500,000 ",Traded
78,Alex Burnett,burneal01,25,2TM,2.1,3,0,3,11.57,3.74,0.13,-0.28,104.9,3.5,-2,-0.2,0.41,0,-0.2,-2,0.434,0.499,,Waivers
79,Sean Burnett*,burnese01,30,LAA,9.2,13,0,1,0.93,4.41,-0.44,-0.33,93.3,4.22,3,0.4,1.84,0.1,0.6,4,0.528,0.502,"$3,500,000 ",Free Agency
80,Cory Burns,burnsco01,25,TEX,11.1,10,0,4,3.18,4.62,0.24,-0.34,104.9,4.23,1,0.1,0.45,-0.1,0.2,2,0.512,0.501,"$492,000 ",Traded
81,Jared Burton,burtoja01,32,MIN,66,71,0,29,3.95,4.33,-0.21,-0.32,103.2,4.35,2,0.2,1.37,-0.1,0.8,9,0.503,0.501,"$2,000,000 ",Free Agency
82,Dave Bush,bushda01,33,TOR,3,1,0,5,15,5.12,-0.01,-0.38,106,5.03,-3,-0.3,0.04,0.1,-0.1,-3,0.236,0.498,,Free Agency
83,Keith Butler,butleke01,24,STL,20,16,0,9,4.05,4.02,-0.21,-0.3,98.2,3.85,0,-0.1,0.24,0,0.1,1,0.497,0.5,,Amateur Draft
84,Tim Byrdak*,byrdati01,39,NYM,4.2,8,0,4,7.71,4.81,-0.16,-0.36,93,4.28,-2,-0.2,0.54,0,-0.1,-1,0.475,0.499,"$366,000 ",Free Agency
85,Cesar Cabral*,cabrace01,24,NYY,3.2,8,0,1,2.45,5,0.05,-0.37,102.3,4.68,1,0.1,0.71,0,0.1,1,0.511,0.501,"$490,000 ",Purchased
86,Alberto Cabrera,cabreal03,24,CHC,6,7,0,3,4.5,4.06,0.01,-0.3,104.9,3.93,0,0,0.41,0,0,0,0.494,0.5,"$490,000 ",Amateur Free Agent
87,Trevor Cahill,cahiltr01,25,ARI,146.2,26,25,70,4.3,4.09,0.35,0.14,104.6,4.06,-4,-0.5,2.2,-0.1,0.7,8,0.482,0.497,"$5,500,000 ",Traded
88,Matt Cain,cainma01,28,SFG,184.1,30,30,85,4.15,3.96,0.02,0.15,94.1,3.85,-6,-0.7,,-0.1,0.8,9,0.476,0.496,"$20,000,000 ",Amateur Draft
89,Arquimedes Caminero,caminar01,26,MIA,13,13,0,4,2.77,4.08,-0.03,-0.3,104,3.97,2,0.2,0.52,-0.1,0.2,3,0.515,0.501,,Amateur Free Agent
90,Shawn Camp,campsh01,37,CHC,23,26,0,18,7.04,4.04,0.02,-0.3,101.4,3.77,-8,-0.9,1.31,-0.2,-0.9,-7,0.465,0.494,"$1,350,000 ",Free Agency
91,Carter Capps,cappsca01,22,SEA,59,53,0,37,5.64,4.45,-0.61,-0.33,89.8,4.25,-10,-1.1,1.11,-0.2,-0.7,-4,0.48,0.493,"$491,700 ",Amateur Draft
92,Chris Capuano*,capuach01,34,LAD,105.2,24,20,57,4.85,4.08,0.11,0.14,95.1,3.9,-11,-1.2,1.11,-0.1,-0.4,-3,0.449,0.492,"$6,000,000 ",Free Agency
93,David Carpenter,carpeda01,27,ATL,65.2,56,0,13,1.78,3.87,0.12,-0.29,99.3,3.45,12,1.4,1.11,-0.1,1.9,17,0.525,0.509,,Waivers
94,David Carpenter,carpeda02,25,LAA,0.1,1,0,4,108,4.46,-0.81,-0.32,88,4.35,-4,-0.3,1.89,-0.1,-0.4,-4,0.212,0.498,"$493,000 ",Amateur Draft
95,Carlos Carrasco,carraca01,26,CLE,46.2,15,7,36,6.94,4.19,-0.16,0.02,97.1,4.25,-15,-1.5,0.45,0.1,-0.9,-10,0.403,0.491,"$490,000 ",Traded
96,Jamey Carroll,carroja01,39,2TM,1,1,0,0,0,3.88,-0.21,-0.29,106,4.02,0,0,0,0,0,1,0.548,0.5,"$3,750,000 ",Purchased
97,Robert Carson*,carsoro01,24,NYM,19.2,14,0,19,8.69,3.94,-0.17,-0.29,95.5,3.65,-11,-1.2,0.7,0.1,-0.9,-9,0.417,0.493,,Amateur Draft
98,Andrew Cashner,cashnan01,26,SDP,175,31,26,68,3.5,3.96,-0.09,0.13,95.1,3.97,9,1,0.57,-0.2,2.4,23,0.533,0.506,"$500,800 ",Traded
99,Santiago Casilla,garcija01,32,SFG,50,57,0,14,2.52,4.06,0.02,-0.3,93.6,3.5,5,0.6,1.72,0.1,1.2,9,0.511,0.504,"$4,500,000 ",Free Agency
100,Simon Castro,castrsi01,25,CHW,6.2,4,0,2,2.7,4.45,-0.31,-0.33,98.3,4.36,1,0.1,0.59,0,0.2,2,0.53,0.501,,Traded
101,Brett Cecil*,cecilbr01,26,TOR,60.2,60,0,20,2.97,4.51,-0.01,-0.33,102.6,4.29,8,0.9,0.99,-0.1,1.3,15,0.514,0.505,"$510,000 ",Amateur Draft
102,Xavier Cedeno*,cedenxa01,26,2TM,12.1,16,0,12,8.76,4.56,-0.23,-0.34,99.9,4.43,-6,-0.5,0.63,0.1,-0.3,-5,0.466,0.499,"$495,900 ",Free Agency
103,Jhoulys Chacin,chacijh01,25,COL,197.1,31,31,82,3.74,4.06,-0.19,0.16,121,5.33,35,4.3,,-0.2,5.8,51,0.637,0.526,"$1,650,000 ",Amateur Free Agent
104,Joba Chamberlain,chambjo03,27,NYY,42,45,0,23,4.93,4.58,0.08,-0.34,99.5,4.13,-4,-0.5,0.71,0,-0.1,0,0.489,0.497,"$1,875,000 ",Amateur Draft
105,Aroldis Chapman*,chapmar01,25,CIN,63.2,68,0,18,2.54,4.1,0.08,-0.3,101.4,3.77,9,1,1.8,0.2,1.8,14,0.514,0.506,"$2,000,000 ",Amateur Free Agent
106,Kevin Chapman*,chapmke02,25,HOU,20.1,25,0,6,2.66,4.64,-0.33,-0.34,97.8,4.53,4,0.4,1.98,0.2,0.8,6,0.517,0.503,,Traded
107,Tyler Chatwood,chatwty01,23,COL,111.1,20,20,44,3.56,4.15,-0.2,0.16,117.8,5.31,21,2.6,,-0.1,3.5,30,0.631,0.516,,Traded
108,Jesse Chavez,chaveje01,29,OAK,57.1,35,0,27,4.24,4.32,-0.28,-0.32,96.4,4.13,-2,-0.2,0.92,-0.1,0.3,5,0.495,0.499,,Purchased
109,Bruce Chen*,chenbr01,36,KCR,121,34,15,46,3.42,4.36,0.43,0.03,103.7,4.11,7,0.8,1.01,-0.1,1.9,21,0.523,0.505,"$4,500,000 ",Free Agency
110,Wei-Yin Chen*,chenwe02,27,BAL,137,23,23,62,4.07,4.34,0.15,0.17,101.1,4.41,3,0.3,,-0.1,1.5,18,0.512,0.502,"$3,572,000 ",Amateur Free Agent
111,Randy Choate*,choatra01,37,STL,35.1,64,0,9,2.29,4.28,-0.21,-0.32,99.6,4.15,7,0.8,1.36,0.1,1.2,10,0.513,0.505,"$1,500,000 ",Free Agency
112,Nick Christiani,chrisni01,25,CIN,4,3,0,1,2.25,3.76,0.13,-0.28,102,3.42,1,0.1,0.33,0,0.1,1,0.519,0.5,,Amateur Draft
113,Tony Cingrani*,cingrto01,23,CIN,104.2,23,18,37,3.18,4,0.11,0.14,101,4.07,10,1.2,1.79,-0.1,2,19,0.552,0.507,,Amateur Draft
114,Steve Cishek,cishest01,27,MIA,69.2,69,0,19,2.45,4.04,-0.03,-0.3,103.9,3.92,11,1.3,1.59,0.2,2.1,17,0.519,0.508,"$505,000 ",Amateur Draft
115,Jose Cisnero,cisnejo01,24,HOU,43.2,28,0,23,4.74,4.47,-0.35,-0.33,101.2,4.54,-2,-0.2,1.18,-0.1,0.2,3,0.493,0.499,,Amateur Free Agent
116,Preston Claiborne,claibpr01,25,NYY,50.1,44,0,23,4.11,4.44,0.08,-0.33,100.3,4.04,-1,-0.1,0.81,-0.1,0.3,4,0.497,0.499,,Amateur Draft
117,Zach Clark,clarkza01,29,BAL,1.2,1,0,3,16.2,4.21,0.21,-0.31,84,3.11,-2,-0.2,0.1,0.1,-0.1,-2,0.29,0.499,,Amateur Free Agent
118,Paul Clemens,clemepa02,25,HOU,73.1,35,5,48,5.89,4.48,-0.39,-0.11,100.3,4.77,-10,-1.1,1.03,-0.1,-0.5,-2,0.469,0.493,,Traded
119,Maikel Cleto,cletoma01,24,STL,2.1,1,0,5,19.29,4.09,-0.22,-0.3,100,4,-4,-0.3,1.05,0,-0.3,-4,0.199,0.498,,Traded
120,Tyler Clippard,clippty01,28,WSN,71,72,0,19,2.41,3.88,0.01,-0.29,100.5,3.61,9,1.1,1.28,0,1.7,15,0.515,0.507,"$4,000,000 ",Traded
121,Tyler Cloyd,cloydty01,26,PHI,60.1,13,11,45,6.71,3.89,-0.67,0.11,102.5,4.79,-13,-1.3,1.13,-0.1,-0.9,-8,0.397,0.492,,Amateur Draft
122,Alex Cobb,cobbal01,25,TBR,143.1,22,22,46,2.89,4.52,0.16,0.17,97.7,4.43,22,2.6,,-0.1,3.8,38,0.616,0.516,"$502,200 ",Amateur Draft
123,Robert Coello,coellro01,28,LAA,17,16,0,7,3.71,3.98,-0.36,-0.3,93.8,3.8,0,0,1.18,0,0.1,2,0.499,0.5,,Free Agency
124,Phil Coke*,cokeph01,30,DET,38.1,49,0,24,5.63,4.54,-0.37,-0.34,103.3,4.72,-5,-0.5,1.13,-0.1,-0.2,0,0.49,0.497,"$1,850,000 ",Traded
125,Gerrit Cole,colege01,22,PIT,117.1,19,19,43,3.3,3.97,0.24,0.15,93.4,3.63,4,0.5,,-0.1,1.4,14,0.524,0.503,,Amateur Draft
126,Louis Coleman,colemlo01,27,KCR,29.2,27,0,2,0.61,4.34,0.32,-0.32,103.5,3.82,10,1.1,0.88,-0.1,1.3,13,0.541,0.507,,Amateur Draft
127,Tim Collins*,colliti01,23,KCR,53.1,66,0,26,4.39,4.44,0.39,-0.33,102.5,3.82,-4,-0.5,1.37,-0.2,-0.1,2,0.493,0.497,"$534,500 ",Traded
128,Josh Collmenter,collmjo01,27,ARI,92,49,0,34,3.33,4.09,0.32,-0.27,103.5,3.63,3,0.3,1.15,-0.2,1,10,0.507,0.502,"$504,000 ",Amateur Draft
129,Alex Colome,colomal01,24,TBR,16,3,3,8,4.5,4.04,0.18,0.15,99.2,3.99,-1,-0.1,,0,0,1,0.458,0.499,,Amateur Free Agent
130,Bartolo Colon,colonba01,40,OAK,190.1,30,30,60,2.84,4.31,-0.31,0.17,95.8,4.59,34,3.9,,-0.1,5.6,55,0.631,0.524,"$3,000,000 ",Free Agency
131,José Contreras,contrjo01,41,PIT,5,7,0,5,9,3.92,0.29,-0.29,93.9,3.13,-3,-0.4,0.6,0.1,-0.3,-3,0.45,0.498,,Free Agency
132,Ryan Cook,cookry01,26,OAK,67.1,71,0,22,2.94,4.33,-0.28,-0.32,96.1,4.12,8,0.8,1.57,0.1,1.6,15,0.512,0.505,"$505,000 ",Traded
133,Patrick Corbin*,corbipa01,23,ARI,208.1,32,32,81,3.5,4.05,0.33,0.15,103.7,4.02,12,1.3,,-0.2,3,29,0.542,0.508,"$494,000 ",Traded
134,Manny Corpas,corpama01,30,COL,41.2,31,0,21,4.54,4.14,-0.19,-0.31,116,4.67,1,0.1,0.72,-0.1,0.3,4,0.502,0.5,,Free Agency
135,Kevin Correia,correke01,32,MIN,185.1,31,31,89,4.32,4.21,-0.25,0.16,103.2,4.77,6,0.6,,-0.1,2.3,27,0.521,0.504,"$4,500,000 ",Free Agency
136,Jarred Cosart,cosarja01,23,HOU,60,10,10,15,2.25,4.38,-0.34,0.17,100.6,4.92,17,2,,0,2.6,23,0.701,0.512,,Traded
137,Neal Cotts*,cottsne01,33,TEX,57,58,0,8,1.26,4.46,0.16,-0.33,101.4,4.02,16,1.8,1.32,0.2,2.6,23,0.531,0.511,,Free Agency
138,Jesse Crain,crainje01,31,CHW,36.2,38,0,6,1.47,4.34,-0.29,-0.32,104.3,4.5,12,1.3,2.01,0.6,2.2,16,0.534,0.508,,Free Agency
139,Aaron Crow,crowaa01,26,KCR,48,57,0,19,3.56,4.35,0.4,-0.32,103,3.74,0,0,1.89,-0.1,0.4,5,0.5,0.5,"$1,280,000 ",Amateur Draft
140,Rhiner Cruz,cruzrh01,26,HOU,21.1,20,0,9,3.8,4.56,-0.4,-0.34,97,4.48,1,0.1,0.54,-0.1,0.3,4,0.507,0.501,"$498,000 ",Rule 5 Draft
141,Johnny Cueto,cuetojo01,27,CIN,60.2,11,11,20,2.97,3.98,0.13,0.14,99.4,3.97,7,0.8,,0,1.3,12,0.572,0.505,"$7,400,000 ",Amateur Free Agent
142,Brandon Cumpton,cumptbr01,24,PIT,30.2,6,5,8,2.35,4.3,0.26,0.12,93.7,3.89,5,0.6,0.08,-0.1,0.8,8,0.605,0.504,,Amateur Draft
143,Matt Daley,daleyma01,31,NYY,6,7,0,0,0,4.55,0.05,-0.34,102.9,4.28,3,0.3,0.37,-0.1,0.3,3,0.544,0.502,,Free Agency
144,John Danks*,danksjo01,28,CHW,138.1,22,22,81,5.27,4.34,-0.38,0.17,105.2,5.15,-4,-0.5,,-0.1,0.8,11,0.479,0.497,"$14,250,000 ",Traded
145,Yu Darvish,darviyu01,26,TEX,209.2,32,32,68,2.92,4.32,0.15,0.17,102.6,4.45,32,3.7,,-0.1,5.6,55,0.616,0.523,"$9,500,000 ",Purchased
146,Erik Davis,daviser02,26,WSN,8.2,10,0,3,3.12,3.76,0.01,-0.28,105.9,3.68,1,0.1,0.54,0,0.1,1,0.506,0.5,,Traded
147,Wade Davis,daviswa01,27,KCR,135.1,31,24,89,5.92,4.23,0.44,0.12,103.3,4.04,-31,-3,1.47,-0.2,-1.9,-15,0.403,0.481,"$2,800,000 ",Traded
148,Justin De Fratus,defraju01,25,PHI,46.2,58,0,21,4.05,4.01,-0.55,-0.3,100.3,4.28,1,0.1,1.16,-0.1,0.4,5,0.502,0.501,,Amateur Draft
149,Dane De La Rosa,delarda01,30,LAA,72.1,75,0,25,3.11,4.35,-0.4,-0.32,92.8,4.11,7,0.7,1.15,-0.1,1.4,15,0.51,0.504,,Traded
150,Eury De La Rosa*,delareu01,23,ARI,14.2,19,0,13,7.98,4.19,0.31,-0.31,101.1,3.61,-7,-0.8,1.15,-0.1,-0.7,-6,0.459,0.495,,Amateur Free Agent
151,Jorge De La Rosa*,rosajo01,32,COL,167.2,30,30,70,3.76,4.06,-0.19,0.15,116.8,5.15,26,3.1,,-0.1,4.4,39,0.603,0.519,"$11,000,000 ",Free Agency
152,Rubby De La Rosa,delarru01,24,BOS,11.1,11,0,7,5.56,4.19,0.3,-0.31,106.5,3.81,-2,-0.3,0.51,0,-0.1,-1,0.477,0.498,,Traded
153,Jose De La Torre,delatjo01,27,BOS,11.1,7,0,8,6.35,4.42,0.19,-0.33,96.8,3.78,-3,-0.4,0.23,0.1,-0.1,-2,0.449,0.498,,Traded
154,Jorge De Leon,deleojo02,25,HOU,10,11,0,7,6.3,4.65,-0.41,-0.34,98.2,4.63,-2,-0.2,0.78,0,-0.1,-1,0.48,0.499,,Free Agency
155,Cole De Vries,devrico01,28,MIN,15,4,2,18,10.8,4.53,-0.26,0.07,104.2,5.07,-10,-0.8,0.05,0.1,-0.6,-8,0.29,0.495,"$500,000 ",Amateur Free Agent
156,Sam Deduno,dedunsa01,29,MIN,108,18,18,48,4,4.34,-0.23,0.17,99.8,4.73,7,0.7,,-0.1,1.7,19,0.542,0.505,,Free Agency
157,Steve Delabar,delabst01,29,TOR,58.2,55,0,25,3.84,4.45,0,-0.33,102.9,4.25,2,0.2,1.36,-0.1,0.7,8,0.503,0.501,"$498,900 ",Traded
158,Randall Delgado,delgara01,23,ARI,116.1,20,19,59,4.56,4.13,0.35,0.15,102.6,4.03,-7,-0.8,0.13,-0.1,0.2,2,0.461,0.495,,Traded
159,Ryan Dempster,dempsry01,36,BOS,171.1,32,29,97,5.1,4.27,0.24,0.16,103.9,4.35,-17,-1.8,0.77,-0.1,-0.2,2,0.445,0.489,"$13,250,000 ",Free Agency
160,Ross Detwiler*,detwiro01,27,WSN,71.1,13,13,37,4.67,3.96,0.01,0.15,102.2,4.2,-4,-0.4,,-0.1,0.2,2,0.467,0.497,"$2,337,500 ",Amateur Draft
161,Scott Diamond*,diamosc01,26,MIN,131,24,24,88,6.05,4.37,-0.27,0.17,104,4.99,-18,-1.8,,-0.1,-0.6,-3,0.426,0.489,"$530,000 ",Rule 5 Draft
162,R.A. Dickey,dicker.01,38,TOR,224.2,34,34,113,4.53,4.38,-0.01,0.17,102,4.65,-1,-0.1,,-0.2,1.9,24,0.497,0.499,"$5,000,000 ",Traded
163,Jake Diekman*,diekmja01,26,PHI,38.1,45,0,15,3.52,3.99,-0.53,-0.3,100.9,4.26,3,0.3,1.01,-0.1,0.6,6,0.508,0.502,,Amateur Draft
164,Rafael Dolis,dolisra01,25,CHC,5,5,0,2,3.6,4.24,0.02,-0.32,101.2,3.95,0,0,0.2,0,0.1,1,0.504,0.5,"$490,000 ",Amateur Free Agent
165,Jose Dominguez,dominjo01,22,LAD,8.1,9,0,3,3.24,4.05,0.13,-0.3,100.2,3.63,0,0,0.77,0,0.1,1,0.504,0.5,,Amateur Free Agent
166,Sean Doolittle*,doolise01,26,OAK,69,70,0,24,3.13,4.37,-0.26,-0.32,96.2,4.14,6,0.7,1.44,0,1.4,14,0.51,0.504,"$492,500 ",Amateur Draft
167,Octavio Dotel,doteloc01,39,DET,4.2,6,0,7,13.5,4.68,-0.48,-0.35,100,4.81,-5,-0.5,1.77,-0.2,-0.6,-4,0.423,0.497,"$3,500,000 ",Free Agency
168,Felix Doubront*,doubrfe01,25,BOS,162.1,29,27,84,4.66,4.37,0.24,0.16,102.3,4.39,-8,-0.8,0.74,-0.1,0.7,11,0.472,0.495,"$518,500 ",Amateur Free Agent
169,Darin Downs*,downsda02,28,DET,35.1,29,0,20,5.09,4.27,-0.32,-0.32,104.8,4.47,-3,-0.3,1.07,-0.1,-0.1,1,0.489,0.498,"$494,000 ",Free Agency
170,Scott Downs*,downssc01,37,2TM,43.1,68,0,13,2.7,4.44,-0.25,-0.33,94.9,4.12,6,0.7,1.57,0.1,1.2,11,0.51,0.503,"$5,000,000 ",Traded
171,Kyle Drabek,drabeky01,25,TOR,2.1,3,0,2,7.71,5.06,-0.01,-0.37,105,4.93,-1,-0.1,0.36,0,0,-1,0.473,0.5,"$499,500 ",Traded
172,Brian Duensing*,duensbr01,30,MIN,61,73,0,28,4.13,4.5,-0.22,-0.33,101.8,4.47,1,0.1,1.29,-0.1,0.6,8,0.502,0.501,"$1,300,000 ",Amateur Draft
173,Danny Duffy*,duffyda01,24,KCR,24.1,5,5,5,1.85,4.32,0.37,0.17,106,4.36,6,0.7,,0,1,9,0.65,0.505,"$505,125 ",Amateur Draft
174,Zach Duke*,dukeza01,30,2TM,31.1,26,1,23,6.61,4.19,0.05,-0.26,101.3,3.92,-9,-0.9,0.98,0.2,-0.4,-7,0.465,0.498,"$700,000 ",Free Agency
175,Mike Dunn*,dunnmi01,28,MIA,67.2,75,0,21,2.79,4.09,-0.03,-0.3,102.1,3.9,8,0.9,1.42,0,1.6,14,0.512,0.506,"$492,500 ",Traded
176,Jake Dunning,dunnija01,24,SFG,25.1,29,0,8,2.84,4.07,0.02,-0.3,89.5,3.35,1,0.2,0.92,-0.1,0.3,3,0.505,0.501,,Amateur Draft
177,Chad Durbin,durbich01,35,PHI,16,16,0,17,9.56,4.22,-0.66,-0.31,98.4,4.49,-9,-1,0.77,0.1,-0.8,-8,0.44,0.494,"$1,100,000 ",Free Agency
178,Chris Dwyer*,dwyerch01,25,KCR,3,2,0,0,0,3.99,0.35,-0.3,91.1,3.05,1,0.1,0.25,0,0.1,1,0.554,0.501,,Amateur Draft
179,Sam Dyson,dysonsa01,25,MIA,11,5,1,12,9.82,4.06,-0.05,-0.19,103,4.04,-7,-0.7,0.65,0.1,-0.5,-6,0.361,0.496,,Waivers
180,Josh Edgin*,edginjo01,26,NYM,28.2,34,0,12,3.77,4.09,-0.14,-0.3,96.8,3.8,0,0,0.92,-0.1,0.2,2,0.5,0.5,"$493,500 ",Amateur Draft
181,Jake Elmore,elmorja01,26,HOU,1,1,0,0,0,4.46,-0.37,-0.33,106,4.77,1,0.1,0,0,0,1,0.557,0.5,,Waivers
182,Barry Enright,enrigba01,27,LAA,8.1,4,2,12,12.96,4.14,-0.53,-0.01,98.3,4.58,-8,-0.7,1.55,-0.1,-0.7,-7,0.323,0.496,,Traded
183,Nathan Eovaldi,eovalna01,23,MIA,106.1,18,18,44,3.72,4.21,-0.04,0.16,104.9,4.62,10,1.2,,-0.1,2.1,19,0.568,0.508,"$502,000 ",Traded
184,Cody Eppley,eppleco01,27,NYY,1.2,2,0,4,21.6,5.12,0.11,-0.38,100,4.63,-3,-0.3,0.95,0,-0.3,-3,0.352,0.498,"$510,350 ",Waivers
185,Robbie Erlin*,erlinro01,22,SDP,54.2,11,9,26,4.28,4.16,-0.09,0.14,91.3,4.01,-2,-0.2,0.02,0,0.3,3,0.483,0.499,,Traded
186,Edgmer Escalona,escaled01,26,COL,46,37,0,32,6.26,4.14,-0.2,-0.31,115.6,4.67,-8,-0.9,0.82,0,-0.5,-4,0.476,0.494,"$491,000 ",Amateur Free Agent
187,Marco Estrada,estrama01,29,MIL,128,21,21,56,3.94,4.21,0.25,0.16,101.1,4.17,3,0.4,,-0.1,1.4,14,0.517,0.502,"$1,955,000 ",Waivers
188,Jeurys Familia,familje01,23,NYM,10.2,9,0,5,4.22,3.85,-0.15,-0.29,98.8,3.67,-1,-0.1,0.65,0,0,0,0.492,0.5,"$491,750 ",Amateur Free Agent
189,Kyle Farnsworth,farnsky01,37,2TM,38.1,48,0,20,4.7,4.52,0.2,-0.34,98.8,3.94,-4,-0.4,0.96,-0.1,-0.1,0,0.492,0.497,"$1,250,000 ",Free Agency
190,Danny Farquhar,farquda01,26,SEA,55.2,46,0,29,4.69,4.5,-0.46,-0.33,90.9,4.2,-4,-0.4,1.44,-0.2,-0.1,2,0.491,0.497,,Traded
191,Scott Feldman,feldmsc01,30,2TM,181.2,30,30,87,4.31,4.16,0.08,0.16,103.1,4.37,-1,-0.1,,-0.1,1.5,17,0.498,0.5,"$6,000,000 ",Traded
192,Pedro Feliciano*,felicpe01,36,NYM,11.1,25,0,5,3.97,4.13,-0.14,-0.31,92.9,3.68,0,0,1.49,0,0,1,0.498,0.5,,Free Agency
193,Neftali Feliz,felizne01,25,TEX,4.2,6,0,0,0,4.76,0.2,-0.35,98.7,4.14,2,0.2,1.1,0,0.3,3,0.538,0.501,"$2,900,000 ",Traded
194,Jose Fernandez,fernajo02,20,MIA,172.2,28,28,47,2.45,4.11,-0.03,0.16,103.8,4.47,38,4.8,,-0.1,6.2,52,0.671,0.53,"$490,000 ",Amateur Draft
195,Josh Fields,fieldjo03,27,HOU,38,41,0,21,4.97,4.39,-0.31,-0.33,101.2,4.43,-3,-0.3,1.3,-0.1,-0.1,1,0.492,0.498,"$490,000 ",Rule 5 Draft
196,Casey Fien,fienca01,29,MIN,62,73,0,28,4.06,4.34,-0.18,-0.32,102.5,4.3,1,0.1,1.22,-0.1,0.6,7,0.501,0.5,"$500,000 ",Free Agency
197,Mike Fiers,fiersmi01,28,MIL,22.1,11,3,20,8.06,4.15,0.32,-0.09,103.5,3.88,-10,-1.1,1.26,-0.1,-1,-9,0.402,0.493,"$498,000 ",Amateur Draft
198,Stephen Fife,fifest01,26,LAD,58.1,12,10,29,4.47,4.15,0.11,0.12,93,3.87,-4,-0.4,0.59,0,0,1,0.464,0.497,,Traded
199,Alfredo Figaro,figaral01,28,MIL,74,33,5,41,4.99,3.97,0.29,-0.12,102.4,3.65,-11,-1.2,0.71,0,-0.6,-5,0.463,0.492,,Free Agency
200,Pedro Figueroa*,figuepe01,27,OAK,3,5,0,4,12,4.78,-0.38,-0.35,94.2,4.53,-3,-0.3,0.05,0.1,-0.1,-2,0.448,0.498,,Amateur Free Agent
201,Doug Fister,fistedo01,29,DET,208.2,33,32,91,3.92,4.21,-0.35,0.16,103.5,4.89,19,2.1,1.5,-0.1,4,42,0.563,0.513,"$4,000,000 ",Traded
202,Gavin Floyd,floydga01,30,CHW,24.1,5,5,15,5.55,4.03,-0.34,0.15,107.1,4.86,-2,-0.2,,0,0,0,0.452,0.499,"$9,500,000 ",Traded
203,Brian Flynn*,flynnbr01,23,MIA,18,4,4,17,8.5,3.94,-0.04,0.15,103.4,4.27,-9,-0.8,,0,-0.6,-7,0.306,0.495,,Traded
204,Wilmer Font,fontwi01,23,TEX,1.1,2,0,0,0,4.89,0.26,-0.36,108,4.61,1,0.1,0.02,0,0.1,1,0.536,0.5,,Amateur Free Agent
205,Jeff Francis*,francje01,32,COL,70.1,23,12,54,6.91,4.14,-0.2,0.07,122.2,5.39,-12,-1.3,0.36,0,-0.7,-6,0.444,0.492,"$1,500,000 ",Free Agency
206,Frank Francisco,francfr01,33,NYM,6.1,8,0,3,4.26,3.99,-0.12,-0.3,91.8,3.5,-1,-0.1,1.28,0,0,0,0.492,0.5,"$6,500,000 ",Free Agency
207,Jason Frasor,frasoja01,35,TEX,49,61,0,15,2.76,4.47,0.18,-0.33,101,4,6,0.6,1.3,0,1.1,11,0.511,0.504,"$1,500,000 ",Free Agency
208,Justin Freeman,freemju02,26,CIN,1,1,0,2,18,3.91,0.23,-0.29,102,3.47,-2,-0.2,0,0.1,-0.1,-2,0.344,0.499,,Amateur Draft
209,Sam Freeman*,freemsa01,26,STL,12.1,13,0,3,2.19,4.06,-0.22,-0.3,102.4,4.08,3,0.3,0.88,0,0.4,4,0.523,0.502,,Amateur Draft
210,Ernesto Frieri,frierer01,27,LAA,68.2,67,0,29,3.8,4.29,-0.35,-0.32,93.9,4.05,1,0.1,1.83,-0.1,0.7,8,0.501,0.5,,Traded
211,Kyuji Fujikawa,fujikky01,32,CHC,12,12,0,7,5.25,4.05,0.01,-0.3,101.6,3.8,-2,-0.2,1.12,0,-0.2,-1,0.482,0.499,"$4,500,000 ",Free Agency
212,Sam Fuld*,fuldsa01,31,TBR,0.1,1,0,0,0,4.78,0.14,-0.35,88,3.78,0,0,0,0,0,0,0.515,0.5,"$725,000 ",Traded
213,Charlie Furbush*,furbuch01,27,SEA,65,71,0,33,4.57,4.54,-0.52,-0.34,92.5,4.36,-3,-0.3,1.62,-0.2,0.2,5,0.496,0.498,"$504,500 ",Traded
214,Yovani Gallardo,gallayo01,27,MIL,180.2,31,31,92,4.58,4.05,0.27,0.15,102.5,4.03,-11,-1.2,,-0.1,0.2,3,0.46,0.492,"$7,750,000 ",Amateur Draft
215,Freddy Garcia,garcifr03,36,2TM,80.1,17,13,40,4.48,4.13,0.16,0.11,102.4,4.18,-4,-0.2,0.71,-0.1,0.5,5,0.486,0.498,,Purchased
216,Jaime Garcia*,garcija02,26,STL,55.1,9,9,26,4.23,4,-0.23,0.15,101.6,4.46,1,0.1,,0,0.6,6,0.516,0.501,"$5,750,000 ",Amateur Draft
217,Luis Garcia,garcilu03,26,PHI,31.1,24,0,15,4.31,3.97,-0.55,-0.29,100.4,4.23,0,0,0.82,-0.1,0.2,2,0.499,0.5,,Free Agency
218,Onelki García*,garcion01,23,LAD,1.1,3,0,2,13.5,5.3,0.09,-0.39,89.1,4.29,-1,-0.1,0.18,0.1,-0.1,-1,0.451,0.499,,Amateur Draft
219,Jon Garland,garlajo01,33,COL,68,12,12,45,5.96,4.17,-0.22,0.16,118.3,5.38,-4,-0.5,,-0.1,0.1,1,0.459,0.497,"$500,000 ",Free Agency
220,Matt Garza,garzama01,29,2TM,155.1,24,24,73,4.23,4.2,0.12,0.16,101.7,4.31,0,0.1,,-0.1,1.5,15,0.505,0.5,"$10,250,000 ",Traded
221,John Gast*,gastjo01,24,STL,12.1,3,3,7,5.11,3.88,-0.23,0.15,98.8,4.21,-1,-0.1,,0,0,0,0.455,0.499,,Amateur Draft
222,Chad Gaudin,gaudich01,30,SFG,97,30,12,34,3.15,4.09,0.02,0.03,92.2,3.78,7,0.7,0.71,-0.2,1.5,14,0.525,0.505,"$750,000 ",Free Agency
223,Kevin Gausman,gausmke01,22,BAL,47.2,20,5,30,5.66,4.55,0.14,-0.07,101.4,4.4,-8,-0.8,1.01,-0.1,-0.4,-2,0.461,0.495,,Amateur Draft
224,Cory Gearrin,gearrco01,27,ATL,31,37,0,13,3.77,4.12,0.14,-0.31,99.9,3.67,0,0,0.78,-0.1,0.2,2,0.499,0.5,"$491,250 ",Amateur Draft
225,Dillon Gee,geedi01,27,NYM,199,32,32,84,3.8,4.02,-0.15,0.15,95.9,4.14,7,0.8,,-0.2,2.4,23,0.526,0.505,"$527,375 ",Amateur Draft
226,Justin Germano,germaju01,30,TOR,2,1,0,2,9,5.12,-0.01,-0.38,106,5.04,-1,-0.1,0.01,0,0,-1,0.409,0.499,,Free Agency
227,Gonzalez Germen,germego01,25,NYM,34.1,29,0,15,3.93,3.99,-0.13,-0.3,92.6,3.54,-2,-0.2,1,-0.1,0.1,1,0.494,0.499,,Amateur Free Agent
228,Kyle Gibson,gibsoky01,25,MIN,51,10,10,38,6.71,4.25,-0.26,0.16,99.4,4.64,-13,-1.2,,0,-0.8,-7,0.379,0.493,,Amateur Draft
229,Brandon Gomes,gomesbr01,28,TBR,19.1,26,0,15,6.98,4.5,0.14,-0.33,100,4.03,-7,-0.7,1.04,-0.1,-0.6,-5,0.473,0.496,,Traded
230,Jeanmar Gomez,gomezje01,25,PIT,80.2,34,8,35,3.9,4.18,0.26,-0.08,94.6,3.64,-3,-0.3,0.66,-0.1,0.3,4,0.492,0.498,"$500,000 ",Traded
231,Alberto Gonzalez,gonzaal03,30,NYY,0.1,1,0,0,0,4.21,0.08,-0.32,100,3.81,0,0,0,0,0,0,0.515,0.5,,Purchased
232,Edgar Gonzalez,gonzaed01,30,2TM,18,8,0,16,8,4.65,-0.25,-0.08,99.8,4.81,-7,-0.7,0.93,0,-0.5,-5,0.416,0.498,,Free Agency
233,Gio Gonzalez*,gonzagi01,27,WSN,195.2,32,32,79,3.63,4.03,0.01,0.15,98.6,4.11,10,1.2,,-0.1,2.7,26,0.536,0.507,"$6,250,000 ",Traded
234,Miguel Gonzalez,gonzami03,29,BAL,171.1,30,28,81,4.25,4.39,0.15,0.16,101.5,4.47,1,0.1,0.43,-0.1,1.7,20,0.503,0.501,"$502,000 ",Free Agency
235,Mike Gonzalez*,gonzami02,35,MIL,50,75,0,28,5.04,4.31,0.25,-0.32,102.1,3.81,-7,-0.8,1.08,-0.2,-0.5,-3,0.49,0.495,"$2,250,000 ",Free Agency
236,Tom Gorzelanny*,gorzeto01,30,MIL,85.1,43,10,41,4.32,4.13,0.24,-0.05,103.8,3.99,-3,-0.4,0.7,-0.1,0.3,4,0.491,0.498,"$2,750,000 ",Free Agency
237,Sonny Gray,grayso01,23,OAK,64,12,10,22,3.09,4.15,-0.26,0.13,95.7,4.35,8,0.9,0.12,-0.1,1.4,15,0.573,0.505,,Amateur Draft
238,Luke Gregerson,gregelu01,29,SDP,66.1,73,0,24,3.26,4.11,-0.08,-0.31,91.7,3.56,2,0.2,1.44,-0.1,0.7,7,0.503,0.501,"$3,200,000 ",Traded
239,Kevin Gregg,greggke01,35,CHC,62,62,0,26,3.77,4.16,0.01,-0.31,101.5,3.9,1,0.1,1.81,-0.1,0.5,6,0.501,0.501,,Free Agency
240,Zack Greinke,greinza01,29,LAD,177.2,28,28,54,2.74,4.04,0.1,0.15,96.9,3.96,24,2.9,,-0.1,4.3,38,0.603,0.518,"$19,000,000 ",Free Agency
241,A.J. Griffin,griffaj01,25,OAK,200,32,32,91,4.1,4.33,-0.28,0.17,96.8,4.63,8,0.9,,-0.1,2.7,31,0.528,0.506,"$492,500 ",Amateur Draft
242,Jason Grilli,grillja01,36,PIT,50,54,0,15,2.7,4.1,0.19,-0.3,94.8,3.42,4,0.4,1.48,0,0.9,8,0.508,0.503,"$2,500,000 ",Free Agency
243,Justin Grimm,grimmju01,24,2TM,98,27,17,70,6.43,4.27,0.21,0.12,102.3,4.28,-25,-2.3,0.98,-0.1,-1.5,-14,0.414,0.491,,Traded
244,Javy Guerra,guerrja01,27,LAD,10.2,9,0,9,7.59,4.09,0.11,-0.3,89.9,3.3,-5,-0.5,0.51,0.1,-0.3,-4,0.439,0.497,,Amateur Draft
245,Matt Guerrier,guerrma02,34,2TM,42.2,49,0,22,4.64,4.21,0.08,-0.31,96.8,3.7,-5,-0.5,1.06,0,-0.1,-1,0.49,0.497,"$4,750,000 ",Traded
246,Preston Guilmet,guilmpr01,25,CLE,5.1,4,0,6,10.13,4.5,-0.2,-0.33,92.9,4.05,-4,-0.4,1.05,0,-0.3,-3,0.408,0.498,,Amateur Draft
247,Jeremy Guthrie,guthrje01,34,KCR,211.2,33,33,99,4.21,4.38,0.46,0.17,103.5,4.23,-3,-0.4,,-0.1,1.6,20,0.489,0.498,"$5,000,000 ",Traded
248,J.C. Gutierrez,gutieju01,29,2TM,55.1,53,0,29,4.72,4.42,0.03,-0.33,99,3.99,-5,-0.6,0.85,-0.1,-0.1,1,0.489,0.498,"$750,000 ",Free Agency
249,Nick Hagadone*,hagadni01,27,CLE,31.1,36,0,21,6.03,4.36,-0.11,-0.32,96.3,4,-8,-0.8,0.86,0,-0.5,-4,0.478,0.495,"$492,100 ",Traded
250,David Hale,haleda02,25,ATL,11,2,2,1,0.82,4.05,0.14,0.15,100,4.07,4,0.5,,0,0.6,5,0.756,0.503,,Amateur Draft
251,Roy Halladay,hallaro01,36,PHI,62,13,13,48,6.97,3.89,-0.56,0.15,100.5,4.62,-16,-1.6,,0,-1.1,-11,0.375,0.49,"$20,000,000 ",Traded
252,Cole Hamels*,hamelco01,29,PHI,220,33,33,94,3.85,3.91,-0.55,0.15,100.6,4.64,19,2.2,,-0.2,4,37,0.568,0.514,"$19,500,000 ",Amateur Draft
253,Jason Hammel,hammeja01,30,BAL,139.1,26,23,81,5.23,4.36,0.16,0.14,100.8,4.38,-16,-1.6,0.86,-0.1,-0.3,0,0.438,0.49,"$6,750,000 ",Traded
254,Brad Hand*,handbr01,23,MIA,20.2,7,2,7,3.05,3.97,-0.03,-0.04,100.6,4,2,0.2,0.57,-0.1,0.4,4,0.535,0.502,,Amateur Draft
255,Donovan Hand,handdo01,27,MIL,68.1,31,7,29,3.82,4.13,0.28,-0.06,104.6,3.96,1,0.1,0.77,-0.1,0.6,7,0.503,0.501,,Amateur Draft
256,Joel Hanrahan,hanrajo01,31,BOS,7.1,9,0,8,9.82,4.47,0.28,-0.33,104.9,4.04,-5,-0.5,1.39,-0.1,-0.5,-4,0.445,0.497,"$7,040,000 ",Traded
257,Tommy Hanson,hansoto01,26,LAA,73,15,13,47,5.79,4.43,-0.48,0.13,92.2,4.66,-11,-1.1,0.31,0,-0.4,-2,0.429,0.493,"$3,725,000 ",Traded
258,J.A. Happ*,happja01,30,TOR,92.2,18,18,53,5.15,4.3,-0.01,0.16,103,4.6,-7,-0.8,,-0.1,0.1,3,0.458,0.495,"$3,700,000 ",Traded
259,Aaron Harang,haranaa01,35,2TM,143.1,26,26,91,5.71,4.39,-0.59,0.17,90,4.62,-20,-1.9,,-0.1,-0.7,-4,0.425,0.49,"$7,000,000 ",Free Agency
260,Dan Haren,harenda01,32,WSN,169.2,31,30,92,4.88,3.95,0.01,0.15,102.5,4.19,-13,-1.4,3.32,-0.1,-0.1,0,0.454,0.491,"$13,000,000 ",Free Agency
261,Lucas Harrell,harrelu01,28,HOU,153.2,36,22,111,6.5,4.42,-0.39,0.04,102.6,4.98,-29,-2.9,0.99,-0.2,-1.5,-11,0.42,0.482,"$500,700 ",Waivers
262,Will Harris,harriwi10,28,ARI,52.2,61,0,17,2.91,4.21,0.31,-0.31,101.3,3.63,4,0.5,1.05,-0.1,0.8,8,0.508,0.503,,Waivers
263,Josh Harrison,harrijo05,25,PIT,0.1,1,0,0,0,3.83,0.22,-0.3,138,4.59,0,0,0,0,0,0,0.519,0.5,"$503,000 ",Traded
264,Matt Harrison*,harrima01,27,TEX,10.2,2,2,11,9.28,4.24,0.2,0.16,104,4.37,-6,-0.5,,0,-0.4,-5,0.256,0.497,"$5,200,000 ",Traded
265,Matt Harvey,harvema01,24,NYM,178.1,26,26,46,2.32,3.91,-0.12,0.15,93.9,3.93,31,3.9,,-0.1,5.3,46,0.65,0.524,"$498,750 ",Amateur Draft
266,Chris Hatcher,hatchch02,28,MIA,8.2,7,0,13,13.5,3.97,-0.05,-0.29,101.9,3.79,-9,-0.9,0.73,0.1,-0.7,-9,0.368,0.494,,Amateur Draft
267,LaTroy Hawkins,hawkila01,40,NYM,70.2,72,0,27,3.44,3.93,-0.14,-0.29,95.4,3.61,1,0.1,1.3,-0.2,0.6,7,0.502,0.501,"$1,000,000 ",Free Agency
268,Deunte Heath,heathde01,27,CHW,7.2,5,0,10,11.74,4.34,-0.39,-0.32,102.6,4.52,-6,-0.6,0.15,0.2,-0.3,-5,0.379,0.496,,Free Agency
269,Jeremy Hefner,hefneje01,27,NYM,130.2,24,23,75,5.17,3.87,-0.15,0.14,98.3,4.09,-16,-1.7,0.01,-0.1,-0.6,-5,0.43,0.49,"$500,625 ",Waivers
270,Jeremy Hellickson,hellije01,26,TBR,174,32,31,103,5.33,4.37,0.18,0.16,97.5,4.24,-24,-2.4,1.27,-0.1,-0.9,-5,0.424,0.485,"$503,000 ",Amateur Draft
271,Johnny Hellweg,hellwjo01,24,MIL,30.2,8,7,30,8.8,4.11,0.34,0.14,102.6,4.01,-16,-1.5,0.09,0,-1.2,-14,0.311,0.491,,Traded
272,Heath Hembree,hembrhe01,24,SFG,7.2,9,0,0,0,4.32,0.01,-0.32,86.1,3.43,3,0.3,0.42,-0.1,0.3,4,0.537,0.502,,Amateur Draft
273,Jim Henderson,hendeji01,30,MIL,60,61,0,18,2.7,4.06,0.21,-0.3,102.9,3.65,6,0.7,1.58,0.1,1.3,11,0.512,0.504,"$492,000 ",Free Agency
274,Liam Hendriks,hendrli01,24,MIN,47.1,10,8,39,7.42,4.44,-0.26,0.11,102.6,4.94,-14,-1.3,0.13,0,-0.8,-9,0.369,0.492,"$500,000 ",Amateur Free Agent
275,Sean Henn*,hennse01,32,NYM,2.2,4,0,1,3.38,4.66,-0.16,-0.35,90.9,4.06,0,0,1.71,0,0.1,0,0.506,0.5,,Free Agency
276,David Hernandez,hernada01,28,ARI,62.1,62,0,33,4.76,4.08,0.3,-0.3,100.1,3.48,-9,-1,1.37,-0.3,-0.8,-4,0.484,0.494,"$1,250,000 ",Traded
277,Felix Hernandez,hernafe02,27,SEA,204.1,31,31,74,3.26,4.41,-0.55,0.17,91.2,4.68,28,3.3,,-0.1,5.1,51,0.606,0.52,"$19,857,000 ",Amateur Free Agent
278,Pedro Hernandez*,hernape02,24,MIN,56.2,14,12,43,6.83,4.5,-0.27,0.13,100.7,4.93,-13,-1.3,0.45,0,-0.7,-7,0.408,0.492,,Traded
279,Roberto Hernandez,carmofa01,32,TBR,151,32,24,87,5.19,4.3,0.18,0.14,96.6,4.11,-21,-2.1,1.04,-0.1,-0.7,-4,0.434,0.487,"$3,250,000 ",Free Agency
280,Kelvin Herrera,herreke01,23,KCR,58.1,59,0,27,4.17,4.25,0.34,-0.32,102.5,3.68,-4,-0.5,1.36,-0.2,-0.1,2,0.492,0.497,"$508,175 ",Amateur Free Agent
281,Rich Hill*,hillri01,33,CLE,38.2,63,0,30,6.98,4.61,-0.11,-0.34,95.8,4.2,-13,-1.3,1.35,-0.3,-1.3,-8,0.479,0.492,"$1,000,000 ",Free Agency
282,Luke Hochevar,hochelu01,29,KCR,70.1,58,0,15,1.92,4.35,0.31,-0.32,103.3,3.84,14,1.5,1.05,-0.1,2.1,22,0.526,0.509,"$4,560,000 ",Amateur Draft
283,Derek Holland*,hollade01,26,TEX,213,33,33,90,3.8,4.43,0.2,0.17,101.6,4.47,12,1.3,,-0.1,3.2,36,0.54,0.508,"$3,200,000 ",Amateur Draft
284,Greg Holland,hollagr01,27,KCR,67,68,0,11,1.48,4.34,0.27,-0.32,103.9,3.89,17,1.8,1.87,0.7,3.2,24,0.527,0.511,"$539,500 ",Amateur Draft
285,David Holmberg*,holmbda01,21,ARI,3.2,1,1,3,7.36,4.22,0.51,0.16,106,4.11,-1,-0.1,,0,-0.1,-1,0.368,0.499,,Traded
286,J.J. Hoover,hoovejj01,25,CIN,66,69,0,21,2.86,4.13,0.12,-0.31,100.9,3.74,6,0.7,1.35,0,1.3,12,0.51,0.504,"$492,500 ",Traded
287,Jeremy Horst*,horstje01,27,PHI,26,28,0,19,6.58,4.11,-0.64,-0.31,103.4,4.59,-6,-0.6,0.95,0,-0.5,-4,0.477,0.496,"$497,000 ",Traded
288,J.P. Howell*,howeljp01,30,LAD,62,67,0,14,2.03,4.16,0.09,-0.31,96.7,3.64,11,1.2,1.02,-0.1,1.7,16,0.519,0.508,"$2,850,000 ",Free Agency
289,Tim Hudson,hudsoti01,37,ATL,131.1,21,21,60,4.11,3.96,0.15,0.15,100.4,3.98,-2,-0.2,,-0.1,0.8,9,0.489,0.499,"$9,000,000 ",Traded
290,David Huff*,huffda01,28,2TM,37.2,14,2,23,5.5,4.27,0.06,-0.14,100.4,4.08,-7,-0.7,0.7,0.1,-0.2,-2,0.453,0.498,"$493,600 ",Amateur Draft
291,Jared Hughes,hugheja02,27,PIT,32,29,0,17,4.78,4.15,0.28,-0.31,97.8,3.48,-5,-0.5,0.7,0,-0.2,-2,0.482,0.497,"$504,500 ",Amateur Draft
292,Phil Hughes,hugheph01,27,NYY,145.2,30,29,91,5.62,4.38,0.09,0.16,99.5,4.43,-22,-2.2,0.34,-0.1,-0.9,-6,0.426,0.486,"$7,150,000 ",Amateur Draft
293,Philip Humber,humbeph01,30,HOU,54.2,17,7,48,7.9,4.62,-0.43,-0.03,97.2,4.87,-19,-1.9,1.44,-0.2,-1.6,-13,0.389,0.488,"$800,000 ",Waivers
294,Tommy Hunter,hunteto02,26,BAL,86.1,68,0,28,2.92,4.41,0.14,-0.33,102.1,4.02,9,1,1.27,0,1.8,19,0.514,0.506,"$1,820,000 ",Traded
295,Colt Hynes*,hynesco01,28,SDP,17,22,0,17,9,4.17,-0.1,-0.31,99.2,3.93,-10,-1,0.59,0.2,-0.7,-8,0.453,0.494,,Amateur Draft
296,Phil Irwin,irwinph01,26,PIT,4.2,1,1,5,9.64,4.3,0.27,0.16,90,3.78,-3,-0.3,,0,-0.2,-3,0.246,0.498,,Amateur Draft
297,Hisashi Iwakuma,iwakuhi01,32,SEA,219.2,33,33,69,2.83,4.37,-0.58,0.17,92.8,4.75,43,5.1,,-0.2,7,68,0.654,0.531,"$6,500,000 ",Free Agency
298,Edwin Jackson,jacksed01,29,CHC,175.1,31,31,110,5.65,4.09,0.01,0.16,102.1,4.32,-26,-2.7,,-0.1,-1.3,-12,0.412,0.483,"$13,000,000 ",Free Agency
299,Kenley Jansen,janseke01,25,LAD,76.2,75,0,16,1.88,4.1,0.07,-0.3,95.1,3.54,14,1.6,1.65,0.3,2.6,20,0.521,0.51,"$512,000 ",Amateur Free Agent
300,Casey Janssen,janssca01,31,TOR,52.2,56,0,17,2.91,4.4,-0.01,-0.33,103.2,4.21,7,0.7,1.8,0.2,1.5,13,0.513,0.504,"$3,900,000 ",Amateur Draft
301,Jeremy Jeffress,jeffrje01,25,TOR,10.1,10,0,1,0.87,4.64,-0.01,-0.34,106.2,4.56,4,0.5,0.75,-0.1,0.5,5,0.545,0.503,"$495,900 ",Purchased
302,Chad Jenkins,jenkich01,25,TOR,33.1,10,3,13,3.51,4.48,-0.01,-0.11,102,4.47,3,0.3,0.54,-0.1,0.6,7,0.533,0.502,,Amateur Draft
303,Dan Jennings*,jennida01,26,MIA,40.2,47,0,17,3.76,4.22,-0.04,-0.31,102.6,4.04,1,0.1,1.06,-0.1,0.4,4,0.503,0.501,,Amateur Draft
304,Kevin Jepsen,jepseke01,28,LAA,36,45,0,21,5.25,4.52,-0.46,-0.34,93.8,4.36,-4,-0.5,1.1,-0.1,-0.2,0,0.49,0.497,"$1,181,000 ",Amateur Draft
305,Cesar Jimenez*,jimence01,28,PHI,17,19,0,7,3.71,3.9,-0.6,-0.29,99.7,4.19,1,0.1,0.79,-0.1,0.2,2,0.505,0.501,,Free Agency
306,Ubaldo Jimenez,jimenub01,29,CLE,182.2,32,32,75,3.7,4.19,-0.12,0.16,96.8,4.33,10,1,,-0.1,2.7,30,0.533,0.506,"$5,750,000 ",Traded
307,Erik Johnson,johnser04,23,CHW,27.2,5,5,16,5.2,4.3,-0.41,0.16,107.4,5.23,0,0,,0,0.2,3,0.491,0.5,,Amateur Draft
308,Jim Johnson,johnsji04,30,BAL,70.1,74,0,26,3.33,4.46,0.14,-0.33,102.6,4.08,5,0.5,1.82,0.1,1.3,13,0.507,0.503,"$6,500,000 ",Amateur Draft
309,Josh Johnson,johnsjo09,29,TOR,81.1,16,16,64,7.08,4.42,-0.01,0.17,101.3,4.65,-23,-2.2,,-0.1,-1.5,-14,0.362,0.486,"$13,750,000 ",Traded
310,Kris Johnson*,johnskr01,28,PIT,10.1,4,1,7,6.1,4.36,0.26,-0.23,91.3,3.53,-3,-0.3,0.84,0,-0.2,-2,0.422,0.498,,Free Agency
311,Rob Johnson,johnsro07,30,STL,0.1,1,0,0,0,4.1,0,-0.3,100,3.81,0,0,0,0,0,0,0.516,0.5,,Free Agency
312,Steve Johnson,johnsst02,25,BAL,15.2,9,1,13,7.47,4.17,0.12,-0.19,103.5,4,-6,-0.6,0.43,0.1,-0.4,-5,0.429,0.496,"$495,000 ",Rule 5 returned
313,Nate Jones,jonesna01,27,CHW,78,70,0,40,4.62,4.35,-0.29,-0.32,104.7,4.52,-2,-0.2,1.5,-0.2,0.3,7,0.497,0.499,"$507,500 ",Amateur Draft
314,Taylor Jordan,jordata01,24,WSN,51.2,9,9,27,4.7,3.85,0.01,0.15,101.1,4.04,-4,-0.4,,0,0,0,0.453,0.497,,Amateur Draft
315,Donnie Joseph*,josepdo01,25,KCR,5.2,6,0,0,0,4.8,0.33,-0.36,102.3,4.21,3,0.3,1.11,0,0.3,3,0.547,0.502,,Traded
316,Jair Jurrjens,jurrjja01,27,BAL,7.1,2,1,4,4.91,4.37,0.16,0.01,104,4.39,-1,-0.1,0.5,0,0,0,0.471,0.5,,Free Agency
317,Nate Karns,karnsna01,25,WSN,12,3,3,11,8.25,4.12,0.01,0.16,101.2,4.32,-5,-0.5,,0,-0.4,-4,0.333,0.497,,Amateur Draft
318,Scott Kazmir*,kazmisc01,29,CLE,158,29,29,76,4.33,4.14,-0.13,0.16,96.4,4.26,-4,-0.4,,-0.1,1,14,0.485,0.497,,Free Agency
319,Shawn Kelley,kellesh01,29,NYY,53.1,57,0,28,4.73,4.59,0.07,-0.34,101.1,4.22,-4,-0.4,1.16,-0.1,0,2,0.493,0.497,"$935,000 ",Traded
320,Joe Kelly,kellyjo05,25,STL,124,37,15,42,3.05,3.94,-0.24,0.07,100.9,4.29,17,2,0.94,-0.1,2.9,27,0.553,0.512,"$493,000 ",Amateur Draft
321,Kyle Kendrick,kendrky01,28,PHI,182,30,30,104,5.14,4,-0.66,0.15,99.3,4.78,-8,-0.8,,-0.1,0.6,7,0.472,0.495,"$4,500,000 ",Amateur Draft
322,Ian Kennedy,kenneia01,28,2TM,181.1,31,31,108,5.36,4.1,0.21,0.16,97.9,3.96,-29,-2.9,,-0.1,-1.5,-14,0.406,0.489,"$4,265,000 ",Traded
323,Logan Kensing,kensilo01,30,COL,0.2,1,0,0,0,4.36,0,-0.32,106,4.28,0,0,0.09,0,0,0,0.537,0.5,,Free Agency
324,Clayton Kershaw*,kershcl01,25,LAD,236,33,33,55,2.1,4.07,0.09,0.16,96.6,4,49,6.2,,-0.2,8.1,69,0.688,0.538,"$11,000,000 ",Amateur Draft
325,Dallas Keuchel*,keuchda01,25,HOU,153.2,31,22,96,5.62,4.51,-0.38,0.11,99.8,4.99,-14,-1.4,1.27,-0.2,-0.1,4,0.455,0.491,,Amateur Draft
326,Mike Kickham*,kickhmi01,24,SFG,28.1,12,3,34,10.8,4.27,0.02,-0.05,89.5,3.75,-22,-2.1,0.25,0.3,-1.5,-20,0.326,0.487,,Amateur Draft
327,Craig Kimbrel,kimbrcr01,25,ATL,67,68,0,10,1.34,3.95,0.1,-0.29,101.8,3.62,17,1.9,1.71,0.5,3.1,22,0.529,0.512,"$655,000 ",Amateur Draft
328,Brandon Kintzler,kintzbr01,28,MIL,77,71,0,26,3.04,4.12,0.26,-0.31,102.6,3.65,5,0.6,1.18,-0.1,1.1,11,0.508,0.504,"$491,000 ",Free Agency
329,Michael Kirkman*,kirkmmi01,26,TEX,22,25,0,20,8.18,4.4,0.23,-0.33,101.3,3.9,-11,-1.1,0.79,0.1,-0.8,-8,0.455,0.493,"$495,800 ",Amateur Draft
330,Corey Kluber,klubeco01,27,CLE,147.1,26,24,67,4.09,4.18,-0.13,0.14,97.6,4.35,1,0.2,0.12,-0.1,1.5,18,0.506,0.501,"$491,800 ",Traded
331,Tom Koehler,koehlto01,27,MIA,143,29,23,72,4.53,4.04,-0.04,0.12,103,4.32,-4,-0.4,0.53,-0.1,0.8,8,0.486,0.498,,Amateur Draft
332,Michael Kohn,kohnmi01,27,LAA,53,63,0,22,3.74,4.47,-0.41,-0.33,94.1,4.28,2,0.2,1.14,-0.1,0.7,8,0.504,0.501,,Amateur Draft
333,George Kontos,kontoge01,28,SFG,55.1,52,0,30,4.88,4.2,0.02,-0.31,93,3.6,-8,-0.9,1.03,-0.1,-0.5,-3,0.483,0.495,"$492,500 ",Traded
334,Ian Krol*,krolia01,22,WSN,27.1,32,0,12,3.95,4.06,0.01,-0.3,101.8,3.82,0,-0.1,1,-0.1,0.1,2,0.498,0.5,,Traded
335,Hiroki Kuroda,kurodhi01,38,NYY,201.1,32,32,79,3.53,4.41,0.08,0.17,101.4,4.56,19,2.2,,-0.1,4,42,0.568,0.513,"$15,000,000 ",Free Agency
336,John Lackey,lackejo01,34,BOS,189.1,29,29,80,3.8,4.32,0.24,0.17,103.8,4.41,9,1,,-0.1,2.7,31,0.535,0.506,"$15,250,000 ",Free Agency
337,Aaron Laffey*,laffeaa01,28,2TM,12.2,5,3,10,7.11,3.64,-0.12,0.09,106.4,4.09,-4,-0.4,0.55,0,-0.3,-3,0.411,0.498,,Free Agency
338,Bobby LaFromboise*,lafrobo01,27,SEA,10.2,10,0,8,6.75,4.45,-0.6,-0.33,88.9,4.19,-3,-0.3,0.77,0,-0.2,-2,0.466,0.498,,Amateur Draft
339,Matt Langwell,langwma01,27,2TM,14,13,0,8,5.14,4.33,0.17,-0.32,103.1,3.96,-2,-0.2,0.18,0.1,0,-1,0.484,0.499,,Traded
340,John Lannan*,lannajo01,28,PHI,74.1,14,14,48,5.81,3.93,-0.66,0.15,99.1,4.7,-9,-1,,-0.1,-0.4,-3,0.429,0.494,"$2,500,000 ",Free Agency
341,Mat Latos,latosma01,25,CIN,210.2,32,32,82,3.5,4.09,0.13,0.16,100.4,4.13,14,1.7,,-0.2,3.4,31,0.552,0.51,"$4,250,000 ",Traded
342,Tommy Layne*,layneto01,28,SDP,8.2,14,0,4,4.15,4.8,-0.09,-0.36,95.2,4.31,0,0,0.66,0,0.1,1,0.501,0.5,,Purchased
343,Brandon League,leagubr01,30,LAD,54.1,58,0,37,6.13,4.16,0.13,-0.31,96.5,3.59,-15,-1.7,0.99,-0.1,-1.3,-11,0.471,0.49,"$4,500,000 ",Traded
344,Mike Leake,leakemi01,25,CIN,192.1,31,31,78,3.65,4.04,0.14,0.15,101.3,4.1,9,1.1,,-0.1,2.6,25,0.535,0.507,"$3,060,000 ",Amateur Draft
345,Wade LeBlanc*,leblawa01,28,2TM,55,17,7,40,6.55,4.01,-0.1,-0.01,102.6,4.21,-15,-1.4,0.64,0.1,-0.8,-10,0.415,0.495,"$491,500 ",Waivers
346,Sam LeCure,lecursa01,29,CIN,61,63,0,18,2.66,4.07,0.12,-0.3,101.4,3.71,7,0.8,1.39,0,1.4,12,0.513,0.505,"$510,000 ",Amateur Draft
347,C.C. Lee,leech01,26,CLE,4.1,8,0,3,6.23,4.15,-0.14,-0.31,96.5,3.84,-1,-0.1,0.61,0,-0.1,-1,0.484,0.499,,Amateur Free Agent
348,Cliff Lee*,leecl02,34,PHI,222.2,31,31,77,3.11,4.07,-0.52,0.16,98.8,4.69,39,4.8,,-0.2,6.6,57,0.655,0.53,"$25,000,000 ",Free Agency
349,Charles Leesman*,leesmch01,26,CHW,15.1,8,1,14,8.22,4.63,-0.35,-0.17,108,5.19,-5,-0.6,0.72,0,-0.4,-4,0.431,0.497,,Amateur Draft
350,Chris Leroux,lerouch01,29,PIT,4,2,0,3,6.75,4.09,0.25,-0.3,99.9,3.53,-1,-0.2,0.25,0,-0.1,-1,0.424,0.499,"$502,000 ",Waivers
351,Jon Lester*,lestejo01,29,BOS,213.1,33,33,94,3.97,4.43,0.24,0.17,101.9,4.44,7,0.8,,-0.1,2.7,31,0.524,0.505,"$11,625,000 ",Amateur Draft
352,Ted Lilly*,lillyte01,37,LAD,23,5,5,16,6.26,4.37,0.12,0.17,89.5,3.96,-6,-0.6,,0,-0.4,-4,0.381,0.496,"$12,000,000 ",Traded
353,Chang-Yong Lim,limch01,37,CHC,5,6,0,3,5.4,4.14,0.01,-0.31,104.2,3.98,-1,-0.1,0.33,0,0,0,0.485,0.499,,Free Agency
354,Tim Lincecum,linceti01,29,SFG,197.2,32,32,102,4.64,4.05,0.02,0.15,90.3,3.78,-19,-2.1,,-0.2,-0.5,-3,0.436,0.487,"$22,000,000 ",Amateur Draft
355,Brad Lincoln,lincobr01,28,TOR,31.2,22,0,17,4.83,4.58,-0.01,-0.34,99.6,4.23,-3,-0.3,1.32,-0.1,-0.1,1,0.487,0.498,,Traded
356,Josh Lindblom,lindbjo01,26,TEX,31.1,8,5,19,5.46,4.66,0.23,0.11,105.6,4.79,-3,-0.3,0.42,0,0,1,0.462,0.498,"$500,100 ",Traded
357,Matt Lindstrom,lindsma01,33,CHW,60.2,76,0,23,3.41,4.29,-0.36,-0.32,105.5,4.57,7,0.7,1.39,0,1.4,14,0.51,0.505,"$2,300,000 ",Free Agency
358,Francisco Liriano*,liriafr01,29,PIT,161,26,26,54,3.02,4.18,0.23,0.16,96.4,3.96,17,2,,-0.1,3.3,30,0.575,0.512,"$1,000,000 ",Free Agency
359,Chia-Jen Lo,loch02,27,HOU,19.1,19,0,9,4.19,4.56,-0.33,-0.34,100,4.55,0,0,1.45,0,0.2,3,0.502,0.5,,Free Agency
360,Jeff Locke*,lockeje01,25,PIT,166.1,30,30,69,3.73,4.06,0.25,0.15,95.3,3.78,0,0.1,,-0.1,1.4,14,0.502,0.5,"$497,500 ",Traded
361,Kameron Loe,loeka01,31,3TM,26.2,20,1,21,7.09,3.97,-0.12,-0.22,98.8,3.8,-10,-1,0.65,0,-0.8,-8,0.449,0.498,"$1,050,000 ",Free Agency
362,Boone Logan*,loganbo02,28,NYY,39,61,0,15,3.46,4.6,0.07,-0.34,99.6,4.18,2,0.3,1.24,0,0.6,7,0.504,0.502,"$3,150,000 ",Traded
363,Kyle Lohse,lohseky01,34,MIL,198.2,32,32,78,3.53,4.15,0.28,0.15,101.9,4.09,12,1.4,,-0.2,3,28,0.544,0.509,"$11,000,000 ",Free Agency
364,Javier Lopez*,lopezja02,35,SFG,39.1,69,0,10,2.29,4.25,0.02,-0.32,89.9,3.52,5,0.6,1.48,0,1,9,0.509,0.504,"$4,250,000 ",Free Agency
365,Wilton Lopez,lopezwi01,29,COL,75.1,75,0,35,4.18,4.13,-0.2,-0.31,116,4.67,4,0.4,1.04,-0.2,1,10,0.506,0.503,"$1,760,000 ",Traded
366,Aaron Loup*,loupaa01,25,TOR,69.1,64,0,23,2.99,4.53,-0.01,-0.34,102.3,4.3,9,1,1.08,-0.1,1.6,17,0.515,0.506,"$494,200 ",Amateur Draft
367,Derek Lowe,lowede01,40,TEX,13,9,0,13,9,4.17,0.23,-0.16,102.8,3.88,-8,-0.8,0.59,0.1,-0.5,-6,0.415,0.495,"$1,250,000 ",Free Agency
368,Mark Lowe,lowema01,30,LAA,11.2,11,0,12,9.26,4.15,-0.48,-0.31,97.8,4.23,-7,-0.7,1.03,0,-0.6,-5,0.438,0.496,"$575,000 ",Free Agency
369,Josh Lueke,luekejo01,28,TBR,21.1,19,0,12,5.06,4.53,0.16,-0.34,94.1,3.79,-3,-0.4,1.09,-0.1,-0.2,-1,0.481,0.498,,Traded
370,Lucas Luetge*,luetglu01,26,SEA,37,35,0,22,5.35,4.58,-0.65,-0.34,90.3,4.41,-5,-0.5,0.78,0,-0.1,0,0.486,0.497,"$495,500 ",Rule 5 Draft
371,Jordan Lyles,lylesjo01,22,HOU,141.2,27,25,98,6.23,4.35,-0.4,0.16,99.6,4.89,-24,-2.3,3.96,-0.2,-1.1,-8,0.413,0.486,,Amateur Draft
372,Lance Lynn,lynnla01,26,STL,201.2,33,33,92,4.11,3.92,-0.21,0.15,101,4.32,4,0.5,,-0.2,2.1,21,0.515,0.503,"$513,000 ",Amateur Draft
373,Brandon Lyon,lyonbr01,33,NYM,34.1,37,0,20,5.24,4.02,-0.16,-0.3,96.5,3.74,-6,-0.6,1.31,-0.2,-0.5,-3,0.483,0.496,"$750,000 ",Free Agency
374,Tyler Lyons*,lyonsty01,25,STL,53,12,8,29,4.92,4.02,-0.22,0.06,100.3,4.31,-4,-0.4,1.32,-0.1,0,1,0.466,0.498,,Amateur Draft
375,Jean Machi,machije01,31,SFG,53,51,0,15,2.55,4.13,0.02,-0.31,92.4,3.51,6,0.6,1.2,-0.1,1.1,10,0.513,0.504,,Free Agency
376,Matt Magill,magilma01,23,LAD,27.2,6,6,25,8.13,3.86,0.1,0.15,101.8,3.98,-13,-1.2,,0,-1,-11,0.305,0.493,,Amateur Draft
377,Paul Maholm*,maholpa01,31,ATL,153,26,26,82,4.82,3.99,0.16,0.15,99.8,3.97,-15,-1.6,,-0.1,-0.3,-2,0.44,0.49,"$6,500,000 ",Traded
378,John Maine,mainejo01,32,MIA,7.1,4,0,10,12.27,4.17,-0.05,-0.31,104.6,4.08,-7,-0.6,0.16,0.3,-0.3,-6,0.34,0.496,"$625,000 ",Free Agency
379,Seth Maness,manesse01,24,STL,62,66,0,17,2.47,3.99,-0.23,-0.3,100,3.93,10,1.1,1.22,0,1.7,15,0.517,0.507,,Amateur Draft
380,Jeff Manship,manshje01,28,COL,30.2,11,4,25,7.34,3.86,-0.21,0.01,108.5,4.44,-10,-1,0.45,0,-0.7,-7,0.407,0.494,,Free Agency
381,Shaun Marcum,marcush01,31,NYM,78.1,14,12,48,5.51,3.87,-0.15,0.09,96.8,3.97,-14,-1.4,2.21,-0.2,-0.9,-7,0.4,0.491,"$4,000,000 ",Free Agency
382,Carlos Marmol,marmoca01,30,2TM,49,52,0,26,4.78,4.15,0.04,-0.31,99.7,3.79,-5,-0.6,0.79,-0.2,-0.4,-1,0.489,0.498,"$9,800,000 ",Amateur Free Agent
383,Nick Maronde*,maronni01,23,LAA,5.1,10,0,6,10.13,5.16,-0.41,-0.38,89.6,4.65,-3,-0.3,1.38,-0.1,-0.4,-3,0.465,0.498,,Amateur Draft
384,Jason Marquis,marquja01,34,SDP,117.2,20,20,61,4.67,4.05,-0.09,0.15,90.9,3.9,-10,-1.1,,-0.1,-0.2,-1,0.445,0.493,"$3,000,000 ",Free Agency
385,Brett Marshall,marshbr01,23,NYY,12,3,0,6,4.5,4.46,0.09,-0.33,100.3,4.06,-1,-0.1,0.32,0,0,1,0.472,0.499,,Amateur Draft
386,Sean Marshall*,marshse01,30,CIN,10.1,16,0,3,2.61,4.01,0.1,-0.3,101,3.65,1,0.1,1.36,0,0.2,2,0.508,0.501,"$4,500,000 ",Traded
387,Victor Marte,martevi01,32,STL,3,4,0,2,6,4.68,-0.26,-0.35,100,4.6,0,-0.1,1.55,0,-0.1,0,0.487,0.5,,Conditional Deal
388,Ethan Martin,martiet01,24,PHI,40,15,8,27,6.08,3.92,-0.55,0.07,99.3,4.5,-7,-0.8,0.66,0,-0.4,-4,0.449,0.495,,Traded
389,Carlos Martinez,martica04,21,STL,28.1,21,1,16,5.08,3.95,-0.23,-0.22,102.7,4.06,-3,-0.4,0.79,0,-0.1,-1,0.483,0.498,,Free Agency
390,Cristhian Martinez,marticr01,31,ATL,2.1,2,0,2,7.71,3.6,0.25,-0.27,100,3.09,-1,-0.1,0.16,0,-0.1,-1,0.436,0.499,"$749,750 ",Waivers
391,David Martinez,martida02,25,HOU,11.1,4,0,11,8.74,4.34,-0.44,-0.32,105.8,4.71,-5,-0.5,0.71,0.1,-0.3,-4,0.374,0.497,,Amateur Free Agent
392,Joe Martinez,martijo07,30,CLE,5,2,0,1,1.8,4.36,-0.14,-0.32,98.4,4.1,1,0.1,0.69,0,0.2,2,0.567,0.501,,Free Agency
393,Shairon Martis,martish01,26,MIN,9.2,6,0,6,5.59,4.9,-0.21,-0.36,100.2,4.75,-1,-0.1,0.23,0,0,0,0.481,0.499,,Purchased
394,Justin Masterson,masteju01,28,CLE,193,32,29,75,3.5,4.3,-0.12,0.16,95.6,4.37,15,1.7,0.35,-0.1,3.4,37,0.553,0.51,"$5,687,500 ",Traded
395,Daisuke Matsuzaka,matsuda01,32,NYM,38.2,7,7,21,4.89,4.13,-0.13,0.16,94.6,4.18,-3,-0.3,,0,0,0,0.452,0.498,,Free Agency
396,Ryan Mattheus,matthry01,29,WSN,35.1,37,0,26,6.62,4.04,0.01,-0.3,100.3,3.75,-11,-1.2,0.64,0.1,-0.8,-8,0.466,0.492,"$504,500 ",Traded
397,Brian Matusz*,matusbr01,26,BAL,51,65,0,21,3.71,4.56,0.13,-0.34,101.4,4.14,2,0.2,1.21,-0.1,0.6,7,0.503,0.501,"$1,600,000 ",Amateur Draft
398,Brandon Maurer,maurebr01,22,SEA,90,22,14,66,6.6,4.6,-0.67,0.06,89.9,4.79,-20,-2,0.8,0,-1.1,-10,0.411,0.488,"$490,000 ",Amateur Draft
399,Yunesky Maya,mayayu01,31,WSN,0.1,1,0,2,54,4.29,0.03,-0.32,84,3.32,-2,-0.2,2.15,-0.1,-0.3,-2,0.324,0.499,"$2,000,000 ",Amateur Free Agent
400,Vin Mazzaro,mazzavi01,26,PIT,73.2,57,0,23,2.81,4.13,0.27,-0.28,95.5,3.43,5,0.6,1.14,-0.1,1.1,11,0.51,0.503,,Traded
401,Zach McAllister,mcallza01,25,CLE,134.1,24,24,65,4.35,4.18,-0.14,0.16,95.8,4.29,-3,-0.4,,-0.1,0.9,12,0.485,0.498,"$496,400 ",Traded
402,Brandon McCarthy,mccarbr01,29,ARI,135,22,22,71,4.73,4.07,0.39,0.16,103.3,3.97,-12,-1.3,,-0.1,-0.2,-1,0.443,0.492,"$5,250,000 ",Free Agency
403,Kyle McClellan,mccleky01,29,TEX,9.1,7,0,8,7.71,4.71,0.22,-0.35,106,4.39,-4,-0.4,0.71,0,-0.2,-3,0.447,0.498,,Free Agency
404,James McDonald,mcdonja03,28,PIT,29.2,6,6,24,7.28,3.97,0.25,0.15,97.5,3.77,-12,-1.1,,0,-0.8,-9,0.319,0.493,"$3,025,000 ",Traded
405,John McDonald,mcdonjo03,38,2TM,0.1,1,0,0,0,4.08,-1,-0.3,100,4.78,0,0,0.17,0,0,0,0.52,0.5,,Conditional Deal
406,T.J. McFarland*,mcfartj01,24,BAL,74.2,38,1,37,4.46,4.42,0.16,-0.31,102.6,4.05,-5,-0.5,0.9,-0.1,0.1,4,0.487,0.497,"$490,000 ",Rule 5 Draft
407,Jake McGee*,mcgeeja01,26,TBR,62.2,71,0,28,4.02,4.36,0.15,-0.32,97.9,3.8,-3,-0.3,1.36,-0.2,0.2,4,0.496,0.498,"$506,200 ",Amateur Draft
408,Dustin McGowan,mcgowdu01,31,TOR,25.2,25,0,11,3.86,4.49,-0.01,-0.33,103.8,4.32,1,0.1,0.91,-0.1,0.3,4,0.504,0.501,"$1,500,000 ",Amateur Draft
409,Collin McHugh,mchugco01,26,2TM,26,7,5,29,10.04,3.98,-0.24,0.11,120.4,5.25,-14,-1.3,0.08,0.1,-1,-12,0.316,0.496,,Traded
410,Yoervis Medina,medinyo01,24,SEA,68,63,0,22,2.91,4.55,-0.52,-0.34,90.5,4.28,9,1,1.63,0.2,1.9,17,0.516,0.506,,Amateur Free Agent
411,Kris Medlen,medlekr01,27,ATL,197,32,31,77,3.52,4,0.15,0.15,99.3,3.97,10,1.1,2.24,-0.1,2.7,26,0.534,0.507,"$2,600,000 ",Amateur Draft
412,Jenrry Mejia,mejiaje01,23,NYM,27.1,5,5,9,2.96,3.8,-0.14,0.15,95.5,3.9,3,0.3,,0,0.6,5,0.566,0.502,"$494,925 ",Amateur Free Agent
413,Mark Melancon,melanma01,28,PIT,71,72,0,15,1.9,4.04,0.24,-0.3,94.7,3.32,11,1.3,1.61,0.2,2.1,17,0.517,0.508,"$521,000 ",Traded
414,Luis Mendoza,mendolu01,29,KCR,94,22,15,60,5.74,4.5,0.46,0.09,101.5,4.2,-18,-1.8,0.75,0,-0.9,-7,0.419,0.489,"$532,000 ",Purchased
415,Jose Mijares*,mijarjo01,28,SFG,49,60,0,24,4.41,4.3,0.02,-0.32,93.9,3.72,-4,-0.4,1,-0.1,-0.1,0,0.493,0.497,"$1,800,000 ",Waivers
416,Miles Mikolas,mikolmi01,24,SDP,1.2,2,0,0,0,4.3,-0.07,-0.32,82,3.33,1,0.1,0.13,0,0.1,1,0.535,0.5,,Amateur Draft
417,Wade Miley*,mileywa01,26,ARI,202.2,33,33,88,3.91,4.05,0.34,0.15,98.8,3.82,-2,-0.3,,-0.2,1.4,14,0.492,0.498,"$500,500 ",Amateur Draft
418,Andrew Miller*,millean01,28,BOS,30.2,37,0,12,3.52,4.46,0.18,-0.33,103.8,4.1,1,0.2,0.91,-0.1,0.4,5,0.504,0.501,"$1,475,000 ",Traded
419,Jim Miller,milleji02,31,NYY,1.1,1,0,3,20.25,5.12,0.14,-0.38,100,4.6,-2,-0.2,0.36,0.1,-0.1,-2,0.297,0.499,,Free Agency
420,Shelby Miller,millesh01,22,STL,173.1,31,31,65,3.38,4.06,-0.21,0.15,97.9,4.32,18,2.1,,-0.1,3.5,32,0.568,0.513,"$490,000 ",Amateur Draft
421,Tommy Milone*,milonto01,26,OAK,156.1,28,26,83,4.78,4.33,-0.31,0.16,96.2,4.61,-6,-0.6,0.02,-0.1,0.8,12,0.478,0.496,"$495,000 ",Traded
422,Zach Miner,minerza01,31,PHI,28.2,16,3,14,4.4,3.77,-0.62,-0.14,101.2,4.29,0,0,0.87,-0.1,0.2,2,0.497,0.5,,Free Agency
423,Mike Minor*,minormi01,25,ATL,204.2,32,32,79,3.47,3.87,0.14,0.15,102.3,3.96,11,1.2,,-0.2,2.9,27,0.539,0.508,"$505,000 ",Amateur Draft
424,Matt Moore*,moorema02,24,TBR,150.1,27,27,58,3.47,4.3,0.16,0.16,98.7,4.25,10,1.1,,-0.1,2.5,27,0.542,0.507,"$1,000,000 ",Amateur Draft
425,Franklin Morales*,moralfr01,27,BOS,25.1,20,1,13,4.62,4.27,0.23,-0.22,103.8,3.97,-2,-0.2,1.19,-0.1,-0.1,1,0.488,0.498,"$1,487,500 ",Purchased
426,Bryan Morris,morribr01,26,PIT,65,55,0,25,3.46,4.12,0.26,-0.31,96.2,3.42,0,0,1.2,-0.2,0.4,5,0.499,0.5,,Traded
427,Brandon Morrow,morrobr01,28,TOR,54.1,10,10,39,6.46,4.47,-0.01,0.17,105.4,4.9,-10,-1,,0,-0.5,-4,0.398,0.494,"$8,000,000 ",Traded
428,Clayton Mortensen,mortecl01,28,BOS,30.1,24,0,19,5.64,4.36,0.27,-0.32,103.2,3.89,-6,-0.7,0.73,0,-0.3,-3,0.472,0.496,"$504,500 ",Traded
429,Charlie Morton,mortoch02,29,PIT,116,20,20,51,3.96,4.01,0.26,0.15,95.4,3.72,-3,-0.4,,-0.1,0.6,6,0.482,0.498,"$2,000,000 ",Traded
430,Guillermo Moscoso,moscogu01,29,SFG,30,13,2,17,5.1,4.16,0.02,-0.17,94,3.74,-5,-0.5,0.49,0,-0.2,-2,0.462,0.497,,Purchased
431,Peter Moylan,moylape01,34,LAD,15.1,14,0,11,6.46,4.15,0.13,-0.31,92.2,3.43,-5,-0.6,0.66,0.1,-0.4,-4,0.46,0.497,,Free Agency
432,Edward Mujica,mujiced01,29,STL,64.2,65,0,20,2.78,3.9,-0.23,-0.29,101.1,3.88,8,0.9,1.67,0.1,1.6,13,0.514,0.505,"$3,200,000 ",Traded
433,David Murphy*,murphda07,31,TEX,1,1,0,0,0,5.12,0.2,-0.38,106,4.82,1,0.1,0,0,0,1,0.558,0.5,"$5,775,000 ",Traded
434,Brett Myers,myersbr01,32,CLE,21.1,4,3,19,8.02,3.95,-0.16,0.04,96.7,4.01,-10,-0.8,0.07,0.1,-0.6,-7,0.289,0.495,"$7,000,000 ",Free Agency
435,Chris Narveson*,narvech01,31,MIL,2,2,0,0,0,3.96,0.31,-0.29,106,3.56,1,0.1,0.14,0,0.1,1,0.546,0.501,"$840,000 ",Free Agency
436,Joe Nathan,nathajo01,38,TEX,64.2,67,0,10,1.39,4.4,0.16,-0.33,101.3,3.97,17,1.9,1.79,0.6,3.2,25,0.528,0.512,"$7,000,000 ",Free Agency
437,Jimmy Nelson,nelsoji02,24,MIL,10,4,1,1,0.9,3.8,0.21,-0.07,97.8,3.44,3,0.3,0.16,-0.1,0.3,4,0.584,0.502,,Amateur Draft
438,Pat Neshek,neshepa01,32,OAK,40.1,45,0,17,3.79,4.57,-0.32,-0.34,95.6,4.34,2,0.2,0.43,-0.1,0.5,6,0.504,0.501,"$975,000 ",Purchased
439,Juan Nicasio,nicasju01,26,COL,157.2,31,31,97,5.54,4.07,-0.2,0.16,114.2,5.05,-9,-1,,-0.1,0.3,4,0.469,0.494,"$491,000 ",Amateur Free Agent
440,Jon Niese*,niesejo01,26,NYM,143,24,24,68,4.28,4.01,-0.15,0.15,95.2,4.1,-3,-0.4,,-0.1,0.8,8,0.485,0.498,"$3,000,000 ",Amateur Draft
441,Hector Noesi,noesihe01,26,SEA,27.1,12,1,21,6.91,4.33,-0.73,-0.24,93.3,4.5,-8,-0.8,0.33,0.2,-0.4,-5,0.434,0.495,,Traded
442,Ricky Nolasco,nolasri01,30,2TM,199.1,34,33,90,4.06,4.07,0.02,0.15,100.3,4.21,3,0.3,0.61,-0.2,1.9,19,0.51,0.501,"$11,500,000 ",Traded
443,Sean Nolin*,nolinse01,23,TOR,1.1,1,1,6,40.5,4.48,-0.01,0.17,106,4.93,-5,-0.3,,0,-0.3,-5,0.155,0.498,,Amateur Draft
444,Bud Norris,norribu01,28,2TM,176.2,32,30,89,4.53,4.47,-0.22,0.16,99.5,4.84,3,0.3,2.22,-0.1,1.9,23,0.51,0.502,"$3,000,000 ",Traded
445,Ivan Nova,novaiv01,26,NYY,139.1,23,20,49,3.17,4.48,0.08,0.12,100.1,4.54,19,2.1,0.77,-0.1,3.4,34,0.593,0.513,"$575,600 ",Rule 5 returned
446,Vidal Nuno III*,nunovi01,25,NYY,20,5,3,5,2.25,4.47,0.09,0.1,95.1,4.26,4,0.5,1.14,0,0.7,6,0.594,0.503,,Free Agency
447,Darren O'Day,odayda01,30,BAL,62,68,0,16,2.32,4.43,0.13,-0.33,100.9,4.01,10,1.1,1.41,0.1,1.9,17,0.517,0.507,"$2,200,000 ",Waivers
448,Eric O'Flaherty*,oflaher01,28,ATL,18,19,0,5,2.5,3.86,0.15,-0.29,104.5,3.59,2,0.2,1.47,0,0.4,4,0.513,0.502,"$4,320,000 ",Waivers
449,Sean O'Sullivan,osullse01,25,SDP,25,7,3,12,4.32,4.14,-0.1,0.02,95,4.04,-1,-0.1,0.16,0,0.1,1,0.487,0.499,,Free Agency
450,Brett Oberholtzer*,oberhbr01,23,HOU,71.2,13,10,26,3.27,4.57,-0.38,0.12,100,5.07,13,1.5,0.42,-0.1,2.1,21,0.617,0.509,,Traded
451,Jake Odorizzi,odorija01,23,TBR,29.2,7,4,13,3.94,4.37,0.17,0,97.5,4.09,0,0,0.89,0,0.3,3,0.499,0.5,,Traded
452,Alexi Ogando,ogandal01,29,TEX,104.1,23,18,38,3.28,4.45,0.2,0.14,99.4,4.36,11,1.2,0.64,-0.1,2.1,22,0.552,0.507,"$506,600 ",Rule 5 Draft
453,Ross Ohlendorf,ohlenro01,30,WSN,60.1,16,7,22,3.28,3.79,0.01,0.06,105.5,4.06,5,0.6,0.56,-0.1,1,10,0.537,0.504,,Free Agency
454,Hideki Okajima*,okajihi01,37,OAK,4,5,0,1,2.25,3.89,-0.43,-0.29,98,3.95,1,0.1,1.03,0,0.1,1,0.515,0.5,,Free Agency
455,Darren Oliver*,oliveda02,42,TOR,49,50,0,24,4.41,4.49,-0.01,-0.33,102.7,4.28,-2,-0.2,0.98,-0.1,0.2,4,0.497,0.499,"$3,000,000 ",Free Agency
456,Edgar Olmos*,olmosed01,23,MIA,5,5,0,9,16.2,4.05,-0.05,-0.3,103.5,3.93,-7,-0.7,0.51,0.2,-0.5,-6,0.365,0.496,,Amateur Draft
457,Brian Omogrosso,omogrbr01,29,CHW,16.1,12,0,18,9.92,4.28,-0.41,-0.32,101,4.41,-10,-1,0.8,0.1,-0.8,-8,0.415,0.494,"$492,000 ",Amateur Draft
458,Logan Ondrusek,ondrulo01,28,CIN,55,52,0,26,4.25,4.14,0.13,-0.31,100.8,3.73,-3,-0.4,0.8,-0.1,0,1,0.493,0.498,"$950,000 ",Amateur Draft
459,Jose Ortega,ortegjo01,24,DET,11.2,11,0,5,3.86,4.03,-0.34,-0.3,106.3,4.32,0,0,1,0,0.1,2,0.504,0.5,,Amateur Free Agent
460,Joe Ortiz*,ortizjo05,22,TEX,44.2,32,0,26,5.24,4.46,0.23,-0.33,101.2,3.95,-7,-0.8,0.81,0,-0.3,-2,0.476,0.495,"$490,000 ",Amateur Free Agent
461,Ramon Ortiz,ortizra02,40,TOR,25.1,7,4,17,6.04,4.47,-0.01,-0.01,103.7,4.64,-4,-0.4,0.51,0,-0.2,-2,0.436,0.497,,Free Agency
462,Roy Oswalt,oswalro01,35,COL,32.1,9,6,31,8.63,4.41,-0.2,0.09,113.7,5.34,-12,-1.2,0.92,0,-0.9,-9,0.369,0.493,,Free Agency
463,Dan Otero,oteroda01,28,OAK,39,33,0,7,1.62,4.54,-0.31,-0.34,96.8,4.36,11,1.2,0.81,-0.2,1.4,16,0.538,0.508,,Waivers
464,Adam Ottavino,ottavad01,27,COL,78.1,51,0,27,3.1,4.14,-0.17,-0.31,119.7,4.79,15,1.7,1.12,-0.1,2.3,21,0.533,0.51,"$491,000 ",Waivers
465,Josh Outman*,outmajo01,28,COL,54,61,0,27,4.5,4.25,-0.18,-0.32,119.9,4.93,2,0.3,1.03,-0.1,0.7,7,0.505,0.502,"$675,000 ",Traded
466,Jonathan Papelbon,papeljo01,32,PHI,61.2,61,0,23,3.36,4.01,-0.56,-0.3,100,4.27,6,0.7,1.6,0.1,1.3,11,0.512,0.504,"$13,000,000 ",Free Agency
467,Blake Parker,parkebl01,28,CHC,46.1,49,0,17,3.3,4.25,0.01,-0.32,103.1,4.04,4,0.4,0.75,-0.2,0.7,8,0.509,0.503,,Free Agency
468,Jarrod Parker,parkeja02,24,OAK,197,32,32,92,4.2,4.3,-0.3,0.16,95.9,4.57,4,0.5,,-0.1,2.3,27,0.515,0.503,"$495,000 ",Traded
469,Bobby Parnell,parnebo01,28,NYM,50,49,0,17,3.06,3.88,-0.13,-0.29,96.9,3.61,3,0.3,2,0,0.8,7,0.507,0.502,"$1,700,000 ",Amateur Draft
470,Manny Parra*,parrama01,30,CIN,46,57,0,18,3.52,4.24,0.11,-0.32,101.2,3.86,2,0.2,1.15,-0.1,0.5,5,0.503,0.501,"$1,000,000 ",Free Agency
471,Curtis Partch,partccu01,26,CIN,23.1,14,0,16,6.17,4.04,0.13,-0.3,102.8,3.71,-6,-0.7,0.55,0.1,-0.4,-5,0.451,0.496,,Amateur Draft
472,Joe Paterson*,paterjo01,27,ARI,2.1,2,0,1,3.86,4.27,0.28,-0.32,103.1,3.78,0,0,0.2,0,0,0,0.499,0.5,,Rule 5 Draft
473,Troy Patton*,pattotr01,27,BAL,56,56,0,25,4.02,4.48,0.15,-0.33,101.8,4.07,-1,-0.1,1.02,-0.1,0.4,6,0.499,0.5,"$815,000 ",Traded
474,James Paxton*,paxtoja01,24,SEA,24,4,4,5,1.88,4.46,-0.55,0.17,93.9,4.87,8,0.9,,0,1.1,10,0.73,0.506,,Amateur Draft
475,Brad Peacock,peacobr01,25,HOU,83.1,18,14,51,5.51,4.45,-0.34,0.12,99.2,4.88,-7,-0.8,0.81,-0.1,0,2,0.458,0.495,"$490,000 ",Traded
476,Jake Peavy,peavyja01,32,2TM,144.2,23,23,70,4.35,4.15,-0.07,0.16,103.2,4.52,0,0,,-0.1,1.3,16,0.5,0.5,"$14,500,000 ",Traded
477,Mike Pelfrey,pelfrmi01,29,MIN,152.2,29,29,92,5.42,4.35,-0.24,0.15,103.1,4.9,-12,-1.2,,-0.1,0.2,5,0.458,0.492,"$4,000,000 ",Free Agency
478,Joel Peralta,peraljo01,37,TBR,71.1,80,0,31,3.91,4.39,0.15,-0.33,97.9,3.83,-2,-0.2,1.59,-0.2,0.3,6,0.497,0.499,"$3,000,000 ",Free Agency
479,Wily Peralta,peralwi01,24,MIL,183.1,32,32,107,5.25,4.04,0.28,0.15,103.8,4.06,-25,-2.6,,-0.1,-1.1,-10,0.42,0.484,"$490,000 ",Amateur Free Agent
480,Chris Perez,perezch01,27,CLE,54,54,0,27,4.5,4.18,-0.13,-0.31,95.9,3.84,-5,-0.5,1.65,-0.3,-0.3,1,0.49,0.497,"$7,300,000 ",Traded
481,Juan Perez*,perezju01,34,TOR,31.2,19,0,17,4.83,4.49,-0.01,-0.33,100.9,4.2,-3,-0.3,0.99,-0.1,0,1,0.484,0.498,,Free Agency
482,Luis Perez*,perezlu01,28,TOR,5,6,0,3,5.4,4.53,-0.01,-0.34,105.6,4.43,-1,-0.1,0.68,0,0,0,0.489,0.5,"$500,000 ",Amateur Free Agent
483,Martin Perez*,perezma02,22,TEX,124.1,20,20,55,3.98,4.38,0.22,0.17,102.6,4.44,4,0.4,,-0.1,1.6,18,0.522,0.503,"$492,000 ",Amateur Free Agent
484,Oliver Perez*,perezol01,31,SEA,53,61,0,23,3.91,4.51,-0.48,-0.33,90.9,4.23,1,0.1,1.41,-0.1,0.6,7,0.502,0.501,"$1,500,000 ",Free Agency
485,Glen Perkins*,perkigl01,30,MIN,62.2,61,0,16,2.3,4.32,-0.17,-0.32,103,4.29,13,1.4,1.64,0.3,2.4,20,0.523,0.509,"$2,500,000 ",Amateur Draft
486,Vinnie Pestano,pestavi01,28,CLE,35.1,37,0,18,4.58,4.24,-0.12,-0.31,97.6,3.95,-3,-0.3,1.05,-0.1,-0.1,1,0.491,0.498,"$501,900 ",Amateur Draft
487,Yusmeiro Petit,petityu01,28,SFG,48,8,7,19,3.56,4.05,0.02,0.1,96.9,4.01,2,0.3,0.24,-0.1,0.6,6,0.533,0.502,,Free Agency
488,Jake Petricka,petrija01,25,CHW,19.1,16,0,7,3.26,4.75,-0.38,-0.35,105.9,5.06,4,0.4,1,0,0.5,6,0.524,0.502,,Amateur Draft
489,Jonathan Pettibone,pettijo02,22,PHI,100.1,18,18,50,4.49,4.07,-0.62,0.16,100,4.84,4,0.4,,-0.1,1.2,12,0.524,0.503,,Amateur Draft
490,Andy Pettitte*,pettian01,41,NYY,185.1,30,30,85,4.13,4.47,0.09,0.17,100,4.55,5,0.6,,-0.1,2.3,26,0.52,0.504,"$12,000,000 ",Free Agency
491,David Phelps,phelpda01,26,NYY,86.2,22,12,50,5.19,4.4,0.08,0.07,100.1,4.4,-9,-1,1.22,-0.1,-0.2,1,0.457,0.494,"$512,425 ",Amateur Draft
492,Zach Phillips*,phillza01,26,MIA,1.2,3,0,1,5.4,5,-0.05,-0.37,101.6,4.75,0,0,1.05,0,0,0,0.495,0.5,,Free Agency
493,Stolmy Pimentel,pimenst01,23,PIT,9.1,5,0,4,3.86,4.34,0.24,-0.32,98.6,3.72,0,0,0.3,0,0.1,1,0.497,0.5,,Traded
494,Drew Pomeranz*,pomerdr01,24,COL,21.2,8,4,15,6.23,4.05,-0.18,0.05,121.7,5.22,-2,-0.3,1.01,0,-0.1,-1,0.466,0.498,,Traded
495,Rick Porcello,porceri01,24,DET,177,32,29,87,4.42,4.18,-0.35,0.15,104.9,4.9,6,0.7,1.69,-0.1,2.3,26,0.521,0.504,"$5,100,000 ",Amateur Draft
496,Ryan Pressly,pressry01,24,MIN,76.2,49,0,37,4.34,4.29,-0.22,-0.29,101.9,4.3,-2,-0.2,0.59,-0.1,0.5,7,0.496,0.499,"$490,000 ",Rule 5 Draft
497,David Price*,priceda01,27,TBR,186.2,27,27,78,3.76,4.38,0.17,0.17,99.1,4.34,9,1,,-0.1,2.6,30,0.535,0.506,"$10,112,500 ",Amateur Draft
498,Stephen Pryor,pryorst01,23,SEA,7.1,7,0,0,0,4.05,-0.5,-0.3,93.4,3.97,3,0.3,2.25,0.2,0.6,4,0.549,0.502,"$492,200 ",Amateur Draft
499,David Purcey*,purceda01,31,CHW,25.1,24,0,7,2.49,4.6,-0.32,-0.34,105.2,4.82,6,0.7,0.72,-0.1,0.8,9,0.528,0.504,,Free Agency
500,Luke Putkonen,putkolu01,27,DET,29.2,30,0,11,3.34,4.35,-0.34,-0.32,104.5,4.56,4,0.4,0.65,-0.1,0.6,7,0.513,0.502,,Amateur Draft
501,Zach Putnam,putnaza01,25,CHC,3.1,5,0,7,18.9,4.47,0.02,-0.33,106,4.36,-5,-0.5,0.13,0.2,-0.3,-5,0.39,0.497,,Waivers
502,J.J. Putz,putzjj01,36,ARI,34.1,40,0,9,2.36,4.1,0.27,-0.3,104.4,3.68,5,0.6,1.46,0,0.9,8,0.514,0.503,"$6,500,000 ",Free Agency
503,Chad Qualls,quallch01,34,MIA,62,66,0,18,2.61,4.15,-0.04,-0.31,102.8,3.99,9,1.1,1.45,0.1,1.7,14,0.516,0.507,"$1,150,000 ",Free Agency
504,Jose Quintana*,quintjo01,24,CHW,200,33,33,83,3.74,4.38,-0.35,0.17,106,5.19,29,3.3,,-0.1,5.1,51,0.6,0.52,"$500,000 ",Free Agency
505,Ryan Raburn,raburry01,32,CLE,1,1,0,0,0,4.89,-0.09,-0.36,90,4.16,0,0,0,0,0,1,0.55,0.5,"$1,000,000 ",Free Agency
506,Brooks Raley*,raleybr01,25,CHC,14,9,0,9,5.79,4.47,0.01,-0.33,103.5,4.27,-2,-0.3,0.76,0,-0.1,-1,0.471,0.498,"$490,000 ",Amateur Draft
507,Erasmo Ramirez,ramirer02,23,SEA,72.1,14,13,44,5.47,4.47,-0.65,0.16,92.3,4.87,-6,-0.6,0.03,0,0,2,0.455,0.496,,Amateur Free Agent
508,JC Ramirez,ramirjc01,24,PHI,24,18,0,22,8.25,4.07,-0.67,-0.3,99.4,4.41,-10,-1.1,0.63,0.1,-0.7,-8,0.439,0.493,,Traded
509,Ramon Ramirez,ramirra02,31,SFG,5.2,6,0,8,12.71,4.47,0.03,-0.33,92.2,3.79,-6,-0.6,0.31,0.2,-0.3,-5,0.403,0.496,,Free Agency
510,AJ Ramos,ramosaj01,26,MIA,80,68,0,32,3.6,4.08,-0.03,-0.3,102.5,3.9,3,0.3,1.06,-0.2,0.8,9,0.504,0.502,"$490,000 ",Amateur Draft
511,Cesar Ramos*,ramosce01,29,TBR,67.1,48,0,31,4.14,4.49,0.18,-0.33,97.4,3.87,-3,-0.3,0.57,-0.1,0.3,4,0.493,0.498,"$501,300 ",Traded
512,Clay Rapada*,rapadcl01,32,CLE,2,4,0,0,0,3.96,-0.15,-0.29,91.8,3.51,1,0.1,0.09,0,0.1,1,0.52,0.501,,Free Agency
513,Cory Rasmus,rasmuco02,25,2TM,21.2,19,0,15,6.23,4.22,-0.28,-0.31,97.5,4.07,-5,-0.6,0.71,0.1,-0.3,-3,0.47,0.498,,Amateur Draft
514,Jon Rauch,rauchjo01,34,MIA,16.2,15,0,14,7.56,4.11,-0.04,-0.31,102.6,3.95,-7,-0.7,1.01,0,-0.6,-5,0.452,0.496,"$1,000,000 ",Free Agency
515,Anthony Recker,reckean01,29,NYM,1,1,0,2,18,4,-0.19,-0.3,90,3.5,-2,-0.2,0,0.1,-0.1,-2,0.345,0.499,"$490,840 ",Waivers
516,Todd Redmond,redmoto01,28,TOR,77,17,14,38,4.44,4.32,-0.01,0.12,102.1,4.54,-1,-0.1,0.74,-0.1,0.6,8,0.496,0.5,"$490,000 ",Waivers
517,Addison Reed,reedad01,24,CHW,71.1,68,0,31,3.91,4.31,-0.32,-0.32,104.9,4.52,4,0.4,1.67,0,1.1,12,0.506,0.502,"$520,000 ",Amateur Draft
518,Evan Reed,reedev01,27,DET,23.1,16,0,16,6.17,4.17,-0.38,-0.31,106.8,4.53,-5,-0.5,0.34,0.1,-0.1,-2,0.469,0.497,,Waivers
519,Ryan Reid,reidry01,28,PIT,11,7,0,2,1.64,4.14,0.27,-0.31,92.4,3.3,2,0.2,0.32,-0.1,0.2,3,0.533,0.501,,Free Agency
520,Chris Resop,resopch01,30,OAK,18,18,0,13,6.5,4.58,-0.33,-0.34,93.6,4.27,-5,-0.5,0.86,0,-0.3,-3,0.472,0.497,"$1,350,000 ",Traded
521,Greg Reynolds,reynogr01,27,CIN,29.1,6,5,19,5.83,3.92,0.17,0.12,106.7,4.14,-6,-0.6,0.3,0,-0.3,-3,0.405,0.496,,Free Agency
522,Matt Reynolds*,reynoma02,28,ARI,27.1,30,0,7,2.3,4.28,0.33,-0.32,104.2,3.78,4,0.5,1.17,0,0.7,7,0.517,0.503,"$505,500 ",Traded
523,Scott Rice*,ricesc01,31,NYM,51,73,0,22,3.88,4.08,-0.13,-0.3,96.1,3.75,-1,-0.1,1.48,-0.1,0.2,3,0.499,0.499,"$535,000 ",Free Agency
524,Clayton Richard*,richacl01,29,SDP,52.2,12,11,44,7.52,3.99,-0.1,0.12,92.3,3.89,-21,-2,2.17,-0.1,-1.7,-17,0.332,0.488,"$5,240,000 ",Traded
525,Garrett Richards,richaga01,25,LAA,145,47,17,73,4.53,4.4,-0.48,0.03,92.5,4.54,-3,-0.3,0.92,-0.2,1,14,0.494,0.498,"$495,000 ",Amateur Draft
526,Andre Rienzo,rienzan01,24,CHW,56,10,10,34,5.46,4.33,-0.37,0.17,105.6,5.14,-3,-0.3,,0,0.2,3,0.468,0.498,,Amateur Free Agent
527,Mariano Rivera,riverma01,43,NYY,64,64,0,16,2.25,4.44,0.08,-0.33,101.1,4.07,12,1.3,1.85,0.4,2.4,19,0.52,0.508,"$10,000,000 ",Free Agency
528,Tanner Roark,roarkta01,26,WSN,53.2,14,5,11,1.84,3.96,0.01,0,101.6,4.02,13,1.6,1.19,0,2,17,0.611,0.51,,Traded
529,David Robertson,roberda08,28,NYY,66.1,70,0,15,2.04,4.37,0.07,-0.32,101.3,4.03,14,1.5,1.48,0.2,2.4,21,0.521,0.509,"$3,100,000 ",Amateur Draft
530,Tyler Robertson*,roberty01,25,MIN,1,2,0,1,9,4.62,-0.14,-0.34,104,4.59,-1,-0.1,4.78,-0.1,-0.2,0,0.473,0.5,"$495,000 ",Amateur Draft
531,Mauricio Robles*,roblema01,24,PHI,4.2,3,0,3,5.79,4.2,-0.65,-0.31,100.4,4.55,-1,-0.1,0.17,0,0,0,0.476,0.5,,Waivers
532,Fernando Rodney,rodnefe01,36,TBR,66.2,68,0,27,3.65,4.37,0.15,-0.32,96.4,3.76,0,0,1.72,-0.2,0.5,7,0.499,0.5,"$2,500,000 ",Free Agency
533,Francisco Rodriguez,rodrifr03,31,2TM,46.2,48,0,14,2.7,4.19,0.18,-0.31,101.3,3.74,5,0.6,1.14,0,1.1,9,0.512,0.502,,Traded
534,Henry Rodriguez,rodrihe03,26,2TM,22,22,0,12,4.91,4.19,0.01,-0.31,99.1,3.84,-3,-0.3,0.36,0.1,0,-1,0.487,0.499,"$501,000 ",Traded
535,Paco Rodriguez*,rodrist02,22,LAD,54.1,76,0,15,2.48,4.31,0.08,-0.32,96.3,3.77,8,0.9,1.68,0.2,1.5,12,0.511,0.505,"$491,500 ",Amateur Draft
536,Wandy Rodriguez*,rodriwa01,34,PIT,62.2,12,12,26,3.73,3.92,0.26,0.15,94.5,3.59,-1,-0.1,,0,0.4,4,0.49,0.499,"$13,000,000 ",Traded
537,Chaz Roe,roech01,26,ARI,22.1,21,0,10,4.03,4.1,0.29,-0.3,99.4,3.48,-1,-0.2,1.11,-0.1,0,0,0.493,0.499,,Free Agency
538,Josh Roenicke,roenijo01,30,MIN,62,63,0,31,4.5,4.32,-0.23,-0.32,102.4,4.33,-2,-0.2,1,-0.1,0.3,5,0.496,0.498,"$505,000 ",Waivers
539,Esmil Rogers,rogeres01,27,TOR,137.2,44,20,76,4.97,4.51,-0.01,0.06,102.3,4.68,-7,-0.7,0.68,-0.1,0.5,9,0.483,0.495,"$509,000 ",Traded
540,Enny Romero*,romeren01,22,TBR,4.2,1,1,0,0,4.48,0.17,0.17,92,4.12,2,0.3,,0,0.3,3,0.752,0.502,,Amateur Free Agent
541,Ricky Romero*,romerri01,28,TOR,7.1,4,2,9,11.05,4.42,-0.01,-0.06,103.3,4.51,-5,-0.5,0.12,0.1,-0.4,-5,0.37,0.497,"$7,500,000 ",Amateur Draft
542,Sergio Romo,romose01,30,SFG,60.1,65,0,20,2.98,4.03,0.02,-0.3,91,3.38,3,0.3,1.9,0,0.8,7,0.505,0.502,"$3,500,000 ",Amateur Draft
543,Bruce Rondon,rondobr01,22,DET,28.2,30,0,11,3.45,4.21,-0.32,-0.31,103.1,4.35,2,0.3,1.06,-0.1,0.5,6,0.508,0.502,,Amateur Free Agent
544,Hector Rondon,rondohe01,25,CHC,54.2,45,0,29,4.77,4.12,0.01,-0.31,103.1,3.92,-5,-0.6,0.7,0,-0.1,-1,0.487,0.496,"$490,000 ",Rule 5 Draft
545,Sandy Rosario,rosarsa02,27,SFG,41.2,43,0,15,3.24,4.05,0.02,-0.3,92.7,3.45,1,0.1,0.94,-0.1,0.4,4,0.502,0.501,,Waivers
546,B.J. Rosenberg,rosenbj01,27,PHI,19.2,22,0,10,4.58,3.88,-0.55,-0.29,101,4.19,-1,-0.1,0.98,0,0,1,0.496,0.499,,Amateur Draft
547,Trevor Rosenthal,rosentr01,23,STL,75.1,74,0,25,2.99,3.96,-0.17,-0.29,101.3,3.89,7,0.8,1.43,0,1.5,14,0.511,0.505,"$490,000 ",Amateur Draft
548,Robbie Ross*,rossro01,24,TEX,62.1,65,0,21,3.03,4.48,0.2,-0.33,101.1,4,6,0.6,1.29,0,1.2,13,0.509,0.504,"$497,400 ",Amateur Draft
549,Tyson Ross,rossty01,26,SDP,125,35,16,51,3.67,4.06,-0.08,0.06,93.5,3.92,3,0.4,1.03,-0.1,1.4,13,0.511,0.502,"$500,500 ",Traded
550,Zac Rosscup*,rosscza01,25,CHC,6.2,10,0,1,1.35,4.33,0.01,-0.32,103,4.11,2,0.2,0.39,-0.1,0.2,3,0.523,0.501,,Traded
551,Michael Roth*,rothmi01,23,LAA,20,15,1,16,7.2,4.3,-0.47,-0.24,90.4,4.1,-7,-0.7,0.55,0.1,-0.4,-5,0.45,0.495,,Amateur Draft
552,Chance Ruffin,ruffich01,24,SEA,9.2,9,0,10,9.31,4.28,-0.56,-0.32,91.7,4.15,-6,-0.6,1.24,-0.1,-0.6,-5,0.435,0.496,,Traded
553,Chris Rusin*,rusinch01,26,CHC,66.1,13,13,30,4.07,4.19,0.01,0.16,99.4,4.31,2,0.2,,-0.1,0.7,7,0.514,0.501,"$490,000 ",Amateur Draft
554,James Russell*,russeja02,27,CHC,52.2,74,0,21,3.59,4.24,0.01,-0.32,101.2,3.96,2,0.2,1.48,-0.1,0.7,6,0.503,0.501,"$1,075,000 ",Amateur Draft
555,Hyun Jin Ryu*,ryuhy01,26,LAD,192,30,30,67,3.14,4.11,0.1,0.16,94.6,3.94,17,2,,-0.1,3.5,32,0.565,0.512,"$3,333,000 ",Purchased
556,Marc Rzepczynski*,rzepcma01,27,2TM,30.2,38,0,13,3.82,4.25,-0.16,-0.32,97.6,3.99,0,0,0.78,0.1,0.4,3,0.501,0.501,"$1,100,000 ",Traded
557,CC Sabathia*,sabatc.01,32,NYY,211,32,32,122,5.2,4.49,0.08,0.17,100.3,4.59,-18,-1.9,,-0.1,0,5,0.442,0.488,"$23,000,000 ",Free Agency
558,Fernando Salas,salasfe01,28,STL,28,27,0,15,4.82,4.07,-0.23,-0.3,100.8,4.03,-3,-0.3,0.89,-0.1,-0.1,0,0.49,0.498,"$512,000 ",Purchased
559,Danny Salazar,salazda01,23,CLE,52,10,10,18,3.12,4.28,-0.11,0.16,97.2,4.43,7,0.8,,0,1.2,12,0.575,0.505,,Amateur Free Agent
560,Chris Sale*,salech01,24,CHW,214.1,30,30,81,3.4,4.45,-0.31,0.17,105.5,5.2,39,4.6,,-0.1,6.5,63,0.654,0.528,"$850,000 ",Amateur Draft
561,Jeff Samardzija,samarje01,28,CHC,213.2,33,33,109,4.59,4.06,0.01,0.16,103.5,4.35,-6,-0.7,,-0.2,1,11,0.48,0.496,"$2,640,000 ",Amateur Draft
562,Alex Sanabia,sanabal01,24,MIA,55.1,10,10,33,5.37,3.99,-0.04,0.15,101.5,4.25,-7,-0.7,,0,-0.3,-2,0.427,0.495,,Amateur Draft
563,Anibal Sanchez,sanchan01,29,DET,182,29,29,56,2.77,4.15,-0.3,0.16,104.1,4.8,38,4.5,,-0.1,6.1,58,0.654,0.527,"$8,800,000 ",Traded
564,Eduardo Sanchez,sanched01,24,CHC,6.1,4,0,4,5.68,4.06,0.01,-0.3,103.9,3.89,-1,-0.1,0.82,0,-0.1,-1,0.465,0.499,,Waivers
565,Jonathan Sanchez*,sanchjo01,30,PIT,13.2,5,4,18,11.85,4.19,0.31,0.08,97.8,3.88,-12,-1.1,0.15,0.1,-0.9,-11,0.285,0.493,"$1,375,000 ",Free Agency
566,Ervin Santana,santaer01,30,KCR,211,32,32,85,3.63,4.42,0.41,0.17,102.9,4.29,12,1.3,,-0.1,3.2,36,0.541,0.508,"$13,000,000 ",Traded
567,Hector Santiago*,santihe01,25,CHW,149,34,23,69,4.17,4.38,-0.33,0.11,105.1,5.07,12,1.3,1.26,-0.1,2.7,29,0.54,0.508,"$505,000 ",Amateur Draft
568,Sergio Santos,santose01,29,TOR,25.2,29,0,5,1.75,4.46,0,-0.33,102,4.22,7,0.7,1.44,0.1,1.1,9,0.525,0.504,"$2,750,000 ",Traded
569,Joe Saunders*,saundjo01,32,SEA,183,32,32,117,5.75,4.45,-0.71,0.17,92.7,4.94,-20,-2,,-0.1,-0.4,1,0.437,0.487,"$6,500,000 ",Free Agency
570,Joe Savery*,saverjo01,27,PHI,20,18,0,11,4.95,3.97,-0.57,-0.29,103.5,4.39,-1,-0.1,0.48,0,0,0,0.492,0.499,,Amateur Draft
571,Rob Scahill,scahiro01,26,COL,33.1,23,0,19,5.13,4.23,-0.21,-0.31,126.5,5.21,0,0,0.85,-0.1,0.3,3,0.501,0.5,,Amateur Draft
572,Tanner Scheppers,schepta01,26,TEX,76.2,76,0,21,2.47,4.44,0.19,-0.33,101.8,4,12,1.3,1.41,0.1,2.2,20,0.517,0.508,"$493,600 ",Amateur Draft
573,Max Scherzer,scherma01,28,DET,214.1,32,32,73,3.07,4.25,-0.28,0.16,103.5,4.86,39,4.6,,-0.1,6.5,63,0.643,0.528,"$6,725,000 ",Traded
574,Skip Schumaker,schumsk01,33,LAD,2,2,0,0,0,3.87,0.14,-0.29,90,3.1,1,0.1,0,0,0.1,1,0.54,0.5,"$1,500,000 ",Traded
575,Evan Scribner,scribev01,27,OAK,26.2,18,0,13,4.39,4.5,-0.32,-0.33,93.9,4.2,-1,-0.1,0.15,0,0.2,2,0.494,0.499,"$495,000 ",Waivers
576,Bryan Shaw,shawbr01,25,CLE,75,70,0,31,3.72,4.27,-0.12,-0.32,97,3.95,1,0.1,1.09,-0.2,0.7,9,0.501,0.5,"$501,700 ",Traded
577,James Shields,shielja02,31,KCR,228.2,34,34,82,3.23,4.36,0.4,0.17,104.1,4.29,23,2.6,,-0.2,4.7,49,0.577,0.516,"$9,000,000 ",Traded
578,Matt Shoemaker,shoemma01,26,LAA,5,1,1,0,0,4.21,-0.36,0.16,88,4.17,2,0.3,,0,0.3,3,0.775,0.502,,Amateur Free Agent
579,Kevin Siegrist*,siegrke01,23,STL,39.2,45,0,2,0.45,3.97,-0.15,-0.3,103.1,3.95,15,1.8,0.97,-0.1,2,19,0.54,0.511,,Amateur Draft
580,Alfredo Simon,simonal01,32,CIN,87.2,63,0,31,3.18,4.12,0.13,-0.31,100.9,3.71,5,0.6,0.84,-0.3,1.1,12,0.509,0.504,"$890,000 ",Waivers
581,Tony Sipp*,sippto01,29,ARI,37.2,56,0,22,5.26,4.39,0.32,-0.33,102.7,3.85,-6,-0.7,1.01,-0.1,-0.4,-3,0.488,0.496,"$1,275,000 ",Traded
582,Tyler Skaggs*,skaggty01,21,ARI,38.2,7,7,23,5.35,4.12,0.33,0.16,105.2,4.15,-5,-0.6,,0,-0.2,-2,0.421,0.497,,Traded
583,Kevin Slowey,sloweke01,29,MIA,92,20,14,44,4.3,4.02,-0.04,0.08,101.8,4.22,-1,-0.1,0.52,-0.1,0.6,6,0.494,0.499,"$750,000 ",Free Agency
584,Burch Smith,smithbu03,23,SDP,36.1,10,7,26,6.44,4.13,-0.08,0.06,88.9,3.79,-11,-1.1,0.1,0.1,-0.7,-8,0.391,0.493,,Amateur Draft
585,Joe Smith,smithjo05,29,CLE,63,70,0,17,2.43,4.25,-0.12,-0.32,97,3.94,9,1,1.5,0.1,1.8,17,0.515,0.506,"$3,150,000 ",Traded
586,Will Smith*,smithwi04,23,KCR,33.1,19,1,16,4.32,4.47,0.32,-0.2,103.5,4.08,-1,-0.2,1.83,-0.1,0.1,2,0.492,0.499,,Traded
587,Drew Smyly*,smylydr01,24,DET,76,63,0,20,2.37,4.37,-0.3,-0.29,103.3,4.52,17,1.8,1.17,0,2.6,25,0.529,0.511,"$498,000 ",Amateur Draft
588,Joakim Soria,soriajo01,29,TEX,23.2,26,0,10,3.8,4.35,0.16,-0.32,101.6,3.92,0,0,1,0,0.2,3,0.5,0.5,"$2,000,000 ",Free Agency
589,Rafael Soriano,soriara01,33,WSN,66.2,68,0,24,3.24,3.87,0.01,-0.29,101.2,3.62,3,0.3,1.58,-0.1,0.8,8,0.505,0.502,"$11,000,000 ",Free Agency
590,Zeke Spruill,spruize01,23,ARI,11.1,6,2,11,8.74,4.23,0.39,-0.02,105.1,4.01,-6,-0.6,0.32,0.1,-0.4,-5,0.398,0.496,,Traded
591,Craig Stammen,stammcr01,29,WSN,81.2,55,0,30,3.31,4,0.01,-0.28,100.7,3.74,4,0.4,1.07,-0.2,1,10,0.508,0.503,"$875,000 ",Amateur Draft
592,Daniel Stange,stangda01,27,LAA,1.2,3,0,3,16.2,4.38,-0.52,-0.32,96,4.4,-2,-0.2,1.15,0,-0.2,-2,0.426,0.499,,Free Agency
593,Tim Stauffer,staufti01,31,SDP,69.2,43,0,29,3.75,4.09,-0.08,-0.21,91.5,3.62,-1,-0.1,0.85,-0.1,0.4,5,0.497,0.499,"$525,000 ",Free Agency
594,Josh Stinson,stinsjo01,25,BAL,17,11,1,7,3.71,4.41,0.13,-0.16,101,4.15,1,0.1,0.94,0,0.2,2,0.505,0.5,,Waivers
595,Drew Storen,storedr01,25,WSN,61.2,68,0,34,4.96,3.95,0.01,-0.29,101,3.68,-9,-1,1.29,-0.3,-0.7,-4,0.486,0.494,"$2,500,000 ",Amateur Draft
596,Mickey Storey,storemi01,27,TOR,4,3,0,3,6.75,4.8,-0.01,-0.36,106,4.72,-1,-0.1,0.33,0,0,-1,0.466,0.499,,Waivers
597,Dan Straily,straida01,24,OAK,152.1,27,27,74,4.37,4.29,-0.28,0.16,96.8,4.59,1,0.1,,-0.1,1.5,18,0.503,0.501,"$492,500 ",Amateur Draft
598,Stephen Strasburg,strasst01,24,WSN,183,30,30,71,3.49,4,0.01,0.14,99.9,4.13,13,1.5,,-0.1,2.9,28,0.549,0.509,"$3,900,000 ",Amateur Draft
599,Huston Street,streehu01,29,SDP,56.2,58,0,17,2.7,4.08,-0.08,-0.3,87.8,3.38,4,0.5,1.57,0,1,9,0.508,0.503,"$7,000,000 ",Traded
600,Pedro Strop,stroppe01,28,2TM,57.1,66,0,30,4.71,4.29,0.06,-0.32,101.2,3.96,-5,-0.5,1.29,-0.1,-0.1,0,0.492,0.499,"$502,500 ",Traded
601,Eric Stults*,stulter01,33,SDP,203.2,33,33,97,4.29,4.05,-0.1,0.15,91.7,3.94,-8,-0.9,,-0.2,0.7,8,0.473,0.494,"$507,600 ",Waivers
602,Michael Stutes,sttuemi01,26,PHI,17.2,16,0,11,5.6,4.08,-0.61,-0.3,104.1,4.56,-2,-0.2,1.05,0,-0.1,-1,0.486,0.499,,Amateur Draft
603,Eric Surkamp*,surkaer01,25,SFG,2.2,1,1,7,23.63,4.3,0.04,0.17,84,3.72,-6,-0.4,,0,-0.4,-6,0.129,0.498,"$490,500 ",Amateur Draft
604,Anthony Swarzak,swarzan01,27,MIN,96,48,0,33,3.09,4.37,-0.22,-0.26,101.6,4.4,12,1.3,0.83,-0.3,2,23,0.528,0.508,"$502,500 ",Amateur Draft
605,Hisanori Takahashi*,takahhi01,38,CHC,3,3,0,2,6,4.28,0.01,-0.32,103.1,4.07,-1,-0.1,1.04,0,-0.1,0,0.476,0.5,"$1,000,000 ",Free Agency
606,Junichi Tazawa,tazawju01,27,BOS,68.1,71,0,25,3.29,4.35,0.23,-0.32,102.5,3.89,3,0.4,1.32,-0.1,1,11,0.505,0.502,"$815,000 ",Free Agency
607,Everett Teaford*,teafoev01,29,KCR,0.2,1,0,0,0,5.09,0.62,-0.38,90,3.69,0,0,1.14,0,0,0,0.529,0.5,,Amateur Draft
608,Julio Teheran,teherju01,22,ATL,185.2,30,30,69,3.34,3.9,0.14,0.15,100.5,3.93,12,1.4,,-0.1,2.9,27,0.545,0.508,"$490,000 ",Amateur Free Agent
609,Nick Tepesch,tepesni01,24,TEX,93,19,17,53,5.13,4.28,0.21,0.13,101.6,4.26,-11,-1.1,1.21,-0.1,-0.3,0,0.443,0.493,,Amateur Draft
610,Joe Thatcher*,thatcjo01,31,2TM,39.1,72,0,14,3.2,4.52,0.02,-0.34,94.2,3.92,3,0.4,1.46,-0.1,0.6,6,0.505,0.502,"$1,350,000 ",Traded
611,Dale Thayer,thayeda01,32,SDP,65,69,0,25,3.46,4.06,-0.08,-0.3,92.4,3.55,0,0.1,1.12,-0.2,0.5,6,0.501,0.5,"$498,900 ",Free Agency
612,Caleb Thielbar*,thielca01,26,MIN,46,49,0,11,2.15,4.36,-0.18,-0.32,101.3,4.27,10,1.1,0.76,-0.2,1.3,15,0.522,0.507,,Free Agency
613,Tyler Thornburg,thornty01,24,MIL,66.2,18,7,17,2.3,4.15,0.25,0.03,101.3,3.98,12,1.5,0.36,-0.2,1.9,18,0.582,0.509,,Amateur Draft
614,Matt Thornton*,thornma01,36,2TM,43.1,60,0,20,4.15,4.44,-0.11,-0.33,104.4,4.41,0,0.1,1.5,-0.1,0.4,5,0.501,0.5,"$5,500,000 ",Traded
615,Chris Tillman,tillmch01,25,BAL,206.1,33,33,87,3.79,4.55,0.14,0.17,102.1,4.68,17,1.9,,-0.1,3.7,40,0.556,0.511,"$508,500 ",Traded
616,Shawn Tolleson,tollesh01,25,LAD,0,1,0,0,,,,,,,0,0,,0,0,0,0.5,0.5,,Amateur Draft
617,Josh Tomlin,tomlijo01,28,CLE,2,1,0,0,0,3.56,-0.17,-0.27,110,3.81,1,0.1,0.02,0,0.1,1,0.593,0.501,"$501,800 ",Amateur Draft
618,Michael Tonkin,tonkimi01,23,MIN,11.1,9,0,6,4.76,4.8,-0.21,-0.36,102.7,4.79,0,0,0.23,0,0.1,1,0.498,0.5,,Amateur Draft
619,Alex Torres*,torreal01,25,TBR,58,39,0,12,1.86,4.56,0.14,-0.34,96.4,3.93,12,1.4,1.12,0,1.9,19,0.535,0.508,,Traded
620,Carlos Torres,torreca01,30,NYM,86.1,33,9,34,3.54,4.01,-0.14,-0.04,92.6,3.81,2,0.3,1.28,-0.1,0.9,9,0.508,0.502,,Free Agency
621,Ramon Troncoso,troncra01,30,CHW,30,29,0,22,6.6,4.44,-0.39,-0.33,106,4.77,-7,-0.7,0.97,-0.1,-0.5,-3,0.476,0.496,,Free Agency
622,Jacob Turner,turneja01,22,MIA,118,20,20,55,4.19,4.11,-0.04,0.16,104.3,4.5,4,0.4,,-0.1,1.4,13,0.521,0.503,,Traded
623,Koji Uehara,ueharko01,38,BOS,74.1,73,0,10,1.21,4.33,0.17,-0.32,102.3,3.93,21,2.3,1.51,0.4,3.5,29,0.532,0.514,"$4,250,000 ",Free Agency
624,Raúl Valdés*,valdera02,35,PHI,35,17,1,29,7.46,4.22,-0.56,-0.26,100.6,4.54,-11,-1.2,0.23,0.3,-0.6,-9,0.429,0.493,"$505,000 ",Free Agency
625,Jose Valverde,valvejo01,35,DET,19.1,20,0,12,5.59,4.37,-0.33,-0.32,105,4.6,-2,-0.3,1.6,-0.1,-0.2,0,0.487,0.498,"$2,000,000 ",Free Agency
626,Jason Vargas*,vargaja01,30,LAA,150,24,24,68,4.08,4.27,-0.48,0.16,93,4.57,5,0.6,,-0.1,2,22,0.525,0.504,"$8,500,000 ",Traded
627,Anthony Varvaro,varvaan01,28,ATL,73.1,62,0,25,3.07,3.88,0.16,-0.29,100,3.44,3,0.3,0.63,-0.2,0.8,9,0.505,0.502,"$490,000 ",Waivers
628,Donnie Veal*,vealdo01,28,CHW,29.1,50,0,16,4.91,4.69,-0.32,-0.35,105.5,4.91,-1,-0.1,1.65,-0.1,0.2,3,0.499,0.5,"$497,500 ",Free Agency
629,Yordano Ventura,ventuyo01,22,KCR,15.1,3,3,6,3.52,4.36,0.42,0.17,100,4.12,1,0.1,,0,0.2,2,0.527,0.5,,Amateur Free Agent
630,Jose Veras,verasjo01,32,2TM,62.2,67,0,23,3.3,4.34,-0.31,-0.32,101.7,4.39,6,0.7,1.49,0.1,1.4,14,0.51,0.503,"$1,850,000 ",Traded
631,Justin Verlander,verlaju01,30,DET,218.1,34,34,94,3.87,4.24,-0.32,0.16,104.2,4.92,21,2.4,,-0.1,4.4,46,0.571,0.515,"$20,000,000 ",Amateur Draft
632,Carlos Villanueva,villaca01,29,CHC,128.2,47,15,58,4.06,4.17,0.01,0.02,104.7,4.37,4,0.5,0.92,-0.2,1.5,15,0.51,0.503,"$5,000,000 ",Free Agency
633,Brayan Villarreal,villabr02,26,2TM,4.1,8,0,10,20.77,5.03,-0.36,-0.35,96.3,4.81,-8,-0.8,1.9,-0.1,-0.8,-7,0.404,0.496,"$502,500 ",Traded
634,Pedro Villarreal,villape01,25,CIN,5.2,2,1,8,12.71,4.17,0.19,-0.01,102,4.05,-5,-0.5,0.02,0.1,-0.4,-5,0.265,0.497,,Amateur Draft
635,Nick Vincent,vinceni01,26,SDP,46.1,45,0,11,2.14,4.09,-0.07,-0.3,90.5,3.49,7,0.8,1.17,0,1.2,11,0.517,0.505,,Amateur Draft
636,Ryan Vogelsong,vogelry01,35,SFG,103.2,19,19,73,6.34,4.15,0.02,0.15,90.3,3.86,-29,-2.8,,-0.1,-2,-20,0.353,0.483,"$5,000,000 ",Free Agency
637,Edinson Volquez,volqued01,29,2TM,170.1,33,32,114,6.02,4.13,-0.06,0.15,93.6,4.07,-37,-3.7,0.02,-0.1,-2.3,-24,0.387,0.482,"$5,725,000 ",Free Agency
638,Chris Volstad,volstch01,26,COL,8.1,6,0,10,10.8,4.07,-0.3,-0.3,111.6,4.53,-6,-0.6,0.43,0.2,-0.4,-5,0.4,0.496,"$1,500,000 ",Free Agency
639,Michael Wacha,wachami01,21,STL,64.2,15,9,20,2.78,3.97,-0.2,0.11,103.1,4.41,12,1.4,0.53,-0.1,1.9,17,0.592,0.509,,Amateur Draft
640,Neil Wagner,wagnene01,29,TOR,38,36,0,17,4.03,4.59,-0.01,-0.34,101.4,4.31,1,0.1,1.15,-0.1,0.4,5,0.502,0.5,,Free Agency
641,Adam Wainwright,wainwad01,31,STL,241.2,34,34,83,3.09,4.07,-0.21,0.15,100.3,4.44,36,4.4,,-0.2,6.3,55,0.629,0.527,"$12,000,000 ",Traded
642,Jordan Walden,waldejo01,25,ATL,47,50,0,19,3.64,3.99,0.13,-0.3,101.6,3.62,0,0,1.35,-0.1,0.3,4,0.5,0.5,"$541,500 ",Traded
643,Taijuan Walker,walketa01,20,SEA,15,3,3,7,4.2,3.8,-0.59,0.15,97,4.4,0,0,,0,0.1,2,0.502,0.5,,Amateur Draft
644,Josh Wall,walljo02,26,LAD,7,6,0,14,18,3.99,0.15,-0.3,90,3.19,-12,-1.1,0.54,0.2,-0.8,-11,0.321,0.493,,Amateur Draft
645,P.J. Walters,waltepj01,28,MIN,39.1,8,8,30,6.86,4.29,-0.26,0.16,104.2,4.92,-9,-0.9,,0,-0.5,-5,0.388,0.494,,Free Agency
646,Chien-Ming Wang,wangch01,33,TOR,27,6,6,24,8,4.21,-0.01,0.16,106.5,4.66,-11,-1,,0,-0.7,-7,0.34,0.494,"$500,000 ",Free Agency
647,Adam Warren,warread01,25,NYY,77,34,2,29,3.39,4.54,0.08,-0.28,100.3,4.19,5,0.6,0.56,-0.3,1.1,14,0.517,0.504,"$490,525 ",Amateur Draft
648,Tony Watson*,watsoto01,28,PIT,71.2,67,0,19,2.39,4.14,0.24,-0.31,95.6,3.43,8,0.9,1.22,-0.1,1.5,14,0.514,0.506,"$505,500 ",Amateur Draft
649,Jered Weaver,weaveje02,30,LAA,154.1,24,24,58,3.38,4.42,-0.45,0.17,93.6,4.72,20,2.3,,-0.1,3.7,38,0.596,0.514,"$16,000,000 ",Amateur Draft
650,Daniel Webb,webbda01,23,CHW,11.1,9,0,4,3.18,4.28,-0.32,-0.32,108.4,4.65,2,0.2,0.67,-0.1,0.2,3,0.52,0.501,,Traded
651,Ryan Webb,webbry01,27,MIA,80.1,66,0,30,3.36,4.06,-0.04,-0.3,102.5,3.89,5,0.5,1.27,-0.1,1.1,11,0.508,0.503,"$975,000 ",Traded
652,Thad Weber,weberth01,28,2TM,15,8,0,5,3,4.08,-0.05,-0.18,90.8,3.6,1,0.1,0.65,0,0.2,2,0.513,0.5,,Waivers
653,Allen Webster,webstal01,23,BOS,30.1,8,7,30,8.9,4.32,0.27,0.12,103.8,4.33,-16,-1.4,0.01,0,-1.1,-13,0.321,0.491,,Traded
654,Duke Welker,welkedu01,27,PIT,1.1,2,0,0,0,4.64,0.19,-0.34,87,3.58,1,0.1,0.06,0,0,1,0.53,0.5,,Traded
655,Casper Wells,wellsca01,28,3TM,1.2,2,0,5,27,4.69,-0.7,-0.35,106,5.34,-4,-0.3,1.12,-0.2,-0.5,-4,0.369,0.499,"$505,400 ",Purchased
656,Jake Westbrook,westbja01,35,STL,116.2,21,19,69,5.32,3.86,-0.26,0.12,100.3,4.26,-14,-1.5,0.48,-0.1,-0.5,-5,0.429,0.491,"$8,750,000 ",Traded
657,Zack Wheeler,wheelza01,23,NYM,100,17,17,42,3.78,4.04,-0.14,0.15,94.4,4.09,3,0.4,,-0.1,1.2,11,0.522,0.502,,Traded
658,Tom Wilhelmsen,wilheto01,29,SEA,59,59,0,28,4.27,4.43,-0.58,-0.33,90.6,4.25,-1,-0.1,1.35,-0.1,0.3,5,0.498,0.499,"$509,100 ",Free Agency
659,Jerome Williams,willije01,31,LAA,169.1,37,25,93,4.94,4.33,-0.49,0.08,94.8,4.64,-9,-0.9,0.66,-0.1,0.6,10,0.475,0.494,"$2,000,000 ",Free Agency
660,Alex Wilson,wilsoal01,26,BOS,27.2,26,0,16,5.2,4.37,0.26,-0.32,103,3.9,-5,-0.5,0.74,0,-0.2,-1,0.482,0.497,,Amateur Draft
661,Brian Wilson,wilsobr01,31,LAD,13.2,18,0,1,0.66,4.17,0.08,-0.31,97.3,3.68,5,0.5,1.1,0,0.6,6,0.529,0.503,,Free Agency
662,C.J. Wilson*,wilsocj01,32,LAA,212.1,33,33,93,3.94,4.37,-0.44,0.17,94.6,4.71,14,1.6,,-0.1,3.5,38,0.548,0.51,"$11,000,000 ",Free Agency
663,Justin Wilson*,wilsoju10,25,PIT,73.2,58,0,17,2.08,4.14,0.23,-0.31,95,3.42,11,1.2,1.22,0,1.9,17,0.522,0.508,"$493,500 ",Amateur Draft
664,Chris Withrow,withrch01,24,LAD,34.2,26,0,10,2.6,4.15,0.08,-0.31,98.2,3.69,4,0.5,1.34,0,0.8,7,0.518,0.503,,Amateur Draft
665,Ross Wolf,wolfro01,30,TEX,47.2,22,3,24,4.53,4.51,0.24,-0.2,102.5,4.17,-3,-0.3,0.61,0,0.2,3,0.487,0.498,,Free Agency
666,Alex Wood*,woodal02,22,ATL,77.2,31,11,29,3.36,3.89,0.14,0.03,98.5,3.72,3,0.3,0.5,-0.1,0.9,9,0.511,0.502,,Amateur Draft
667,Blake Wood,woodbl01,27,CLE,1.1,2,0,0,0,4.33,-0.14,-0.32,90,3.73,1,0.1,0.1,0,0,1,0.529,0.5,"$560,000 ",Waivers
668,Travis Wood*,woodtr01,26,CHC,200,32,32,73,3.29,4.14,0.01,0.16,101.9,4.37,24,2.8,,-0.2,4.5,40,0.589,0.518,"$527,500 ",Traded
669,Rob Wooten,wootero01,27,MIL,27.2,27,0,12,3.9,4.13,0.28,-0.31,104.5,3.7,-1,-0.1,1.24,-0.1,0.1,2,0.497,0.5,,Amateur Draft
670,Brandon Workman,workmbr01,24,BOS,41.2,20,3,23,4.97,4.34,0.23,-0.05,102.5,4.16,-4,-0.5,1.31,-0.1,-0.1,0,0.476,0.497,,Amateur Draft
671,Vance Worley,worleva01,25,MIN,48.2,10,10,43,7.95,4.56,-0.28,0.16,104.9,5.25,-16,-1.5,,0,-1,-10,0.355,0.491,"$525,000 ",Traded
672,Jamey Wright,wrighja01,38,TBR,70,66,1,25,3.21,4.44,0.16,-0.32,97.3,3.85,4,0.4,0.71,-0.2,0.9,12,0.506,0.502,"$900,000 ",Free Agency
673,Steven Wright,wrighst01,28,BOS,13.1,4,1,8,5.4,4.38,0.23,-0.33,97.7,3.73,-3,-0.3,0.47,0,-0.1,-1,0.431,0.498,,Traded
674,Wesley Wright*,wrighwe01,28,2TM,53.2,70,0,24,4.02,4.73,-0.24,-0.35,99.9,4.62,3,0.3,1.1,-0.1,0.7,9,0.504,0.501,"$1,025,000 ",Rule 5 Draft
675,Mike Zagurski*,zagurmi01,30,2TM,6.1,7,0,12,17.05,4.36,0.31,-0.32,95.8,3.57,-10,-0.9,0.18,0.4,-0.5,-9,0.367,0.496,,Free Agency
676,Josh Zeid,zeidjo01,26,HOU,27.2,25,0,12,3.9,4.46,-0.34,-0.33,99,4.42,1,0.1,1.38,0,0.4,4,0.505,0.501,,Traded
677,Brad Ziegler,zieglbr01,33,ARI,73,78,0,20,2.47,4.09,0.34,-0.3,102,3.52,8,1,1.55,0.1,1.7,14,0.512,0.506,"$3,150,000 ",Traded
678,Jordan Zimmermann,zimmejo02,27,WSN,213.1,32,32,81,3.42,3.95,0.01,0.15,100.3,4.1,16,1.8,,-0.2,3.5,33,0.558,0.511,"$5,350,000 ",Amateur Draft
679,Barry Zito*,zitoba01,35,SFG,133.1,30,25,94,6.35,4.08,0.02,0.14,94.1,3.95,-36,-3.6,0.12,0,-2.5,-25,0.38,0.478,"$20,000,000 ",Free Agency
